x,y,p,d
0.5,13931.104185870825,cq,gongzuori
1.5,13075.207297884206,cq,gongzuori
2.5,12435.90142367908,cq,gongzuori
3.5,11895.0812940556,cq,gongzuori
4.5,11532.283276947092,cq,gongzuori
5.5,11273.66828669963,cq,gongzuori
6.5,11275.795348728969,cq,gongzuori
7.5,11591.472823705803,cq,gongzuori
8.5,13172.040131351014,cq,gongzuori
9.5,14556.085018607304,cq,gongzuori
10.5,15366.506988888937,cq,gongzuori
11.5,15601.467988913355,cq,gongzuori
12.5,15148.085894989139,cq,gongzuori
13.5,15569.351104631034,cq,gongzuori
14.5,16011.138312440147,cq,gongzuori
15.5,16159.634203383772,cq,gongzuori
16.5,16256.798746500484,cq,gongzuori
17.5,16052.57677364208,cq,gongzuori
18.5,15036.195746842319,cq,gongzuori
19.5,14604.444287189091,cq,gongzuori
20.5,15398.440913286688,cq,gongzuori
21.5,15500.86309780117,cq,gongzuori
22.5,14597.681600503089,cq,gongzuori
23.5,13796.961302633465,cq,gongzuori
0.5,5947.842764975131,cq,jiejiari
1.5,5715.517487849713,cq,jiejiari
2.5,5578.836630122605,cq,jiejiari
3.5,5450.456975175483,cq,jiejiari
4.5,5373.8391402037605,cq,jiejiari
5.5,5500.309986319968,cq,jiejiari
6.5,6013.656058648439,cq,jiejiari
7.5,6733.880909481046,cq,jiejiari
8.5,7126.9543025722305,cq,jiejiari
9.5,7602.548882533305,cq,jiejiari
10.5,7903.463858290416,cq,jiejiari
11.5,8294.045795264008,cq,jiejiari
12.5,7606.055333446166,cq,jiejiari
13.5,7484.034131619717,cq,jiejiari
14.5,7482.850995578885,cq,jiejiari
15.5,7521.193530750615,cq,jiejiari
16.5,7849.8335889834825,cq,jiejiari
17.5,8247.966156720111,cq,jiejiari
18.5,8218.661279813527,cq,jiejiari
19.5,8285.944106347455,cq,jiejiari
20.5,8044.284534378104,cq,jiejiari
21.5,7654.096526494601,cq,jiejiari
22.5,6878.513929148678,cq,jiejiari
23.5,6606.270357420416,cq,jiejiari
0.5,29057.01339668835,fj,gongzuori
1.5,28627.868579815233,fj,gongzuori
2.5,27607.173716687867,fj,gongzuori
3.5,26857.980917605397,fj,gongzuori
4.5,26150.32314238112,fj,gongzuori
5.5,26156.658929299476,fj,gongzuori
6.5,26538.61279313827,fj,gongzuori
7.5,26949.033424320947,fj,gongzuori
8.5,29572.70894188951,fj,gongzuori
9.5,31965.809701861283,fj,gongzuori
10.5,33907.07583357094,fj,gongzuori
11.5,34470.30582547412,fj,gongzuori
12.5,32663.870901329123,fj,gongzuori
13.5,33295.31141565657,fj,gongzuori
14.5,33674.60424671228,fj,gongzuori
15.5,33674.87676448119,fj,gongzuori
16.5,33741.37702061553,fj,gongzuori
17.5,33489.64470034095,fj,gongzuori
18.5,32477.192126868787,fj,gongzuori
19.5,32537.53678113679,fj,gongzuori
20.5,32790.168705327815,fj,gongzuori
21.5,33106.030346809195,fj,gongzuori
22.5,32860.21034728784,fj,gongzuori
23.5,31546.144822110407,fj,gongzuori
0.5,20947.253139349665,fj,jiejiari
1.5,20276.13756877443,fj,jiejiari
2.5,19818.333639022818,fj,jiejiari
3.5,19294.624593684443,fj,jiejiari
4.5,19286.050540271877,fj,jiejiari
5.5,19662.600849642535,fj,jiejiari
6.5,21020.7329153963,fj,jiejiari
7.5,21474.329993262043,fj,jiejiari
8.5,22593.889155427772,fj,jiejiari
9.5,23916.903371274588,fj,jiejiari
10.5,25516.345248803977,fj,jiejiari
11.5,25708.973435730542,fj,jiejiari
12.5,23630.959683988243,fj,jiejiari
13.5,23626.41728794377,fj,jiejiari
14.5,24079.88738069304,fj,jiejiari
15.5,24494.918881662863,fj,jiejiari
16.5,25076.253714606482,fj,jiejiari
17.5,25976.876983819122,fj,jiejiari
18.5,26247.169053512873,fj,jiejiari
19.5,25821.340372401464,fj,jiejiari
20.5,25509.211296423367,fj,jiejiari
21.5,25389.328211812903,fj,jiejiari
22.5,24253.660609997423,fj,jiejiari
23.5,22853.51869670748,fj,jiejiari
0.5,87014.73405161258,gd,gongzuori
1.5,84029.04060764411,gd,gongzuori
2.5,80202.4992796148,gd,gongzuori
3.5,77352.28442610355,gd,gongzuori
4.5,75046.03947365735,gd,gongzuori
5.5,73573.03212237051,gd,gongzuori
6.5,73580.40552523868,gd,gongzuori
7.5,76847.18810840862,gd,gongzuori
8.5,94606.60248437713,gd,gongzuori
9.5,102506.45780021398,gd,gongzuori
10.5,106676.42075785338,gd,gongzuori
11.5,106795.98837717697,gd,gongzuori
12.5,96096.46495488488,gd,gongzuori
13.5,102862.373526505,gd,gongzuori
14.5,108224.82169995201,gd,gongzuori
15.5,108982.25786811784,gd,gongzuori
16.5,108982.25782672559,gd,gongzuori
17.5,103402.97368601829,gd,gongzuori
18.5,96749.58546683325,gd,gongzuori
19.5,99474.21182234075,gd,gongzuori
20.5,98714.46479645303,gd,gongzuori
21.5,97981.31255020038,gd,gongzuori
22.5,97285.49887902656,gd,gongzuori
23.5,93173.15607861936,gd,gongzuori
0.5,56264.23478770415,gd,jiejiari
1.5,53243.527699527425,gd,jiejiari
2.5,50819.98728554751,gd,jiejiari
3.5,48791.85053292379,gd,jiejiari
4.5,47257.128972555634,gd,jiejiari
5.5,46222.22490357945,gd,jiejiari
6.5,46048.19343460856,gd,jiejiari
7.5,45455.64715234627,gd,jiejiari
8.5,45198.25292250757,gd,jiejiari
9.5,47659.93840894985,gd,jiejiari
10.5,49918.57317016063,gd,jiejiari
11.5,51886.08779064554,gd,jiejiari
12.5,49743.88783085332,gd,jiejiari
13.5,49570.03153738268,gd,jiejiari
14.5,49827.52035675141,gd,jiejiari
15.5,50048.518158769504,gd,jiejiari
16.5,51295.27790216123,gd,jiejiari
17.5,53947.961576651265,gd,jiejiari
18.5,56321.77885965495,gd,jiejiari
19.5,55382.92940269506,gd,jiejiari
20.5,54633.84996034978,gd,jiejiari
21.5,53951.72541257825,gd,jiejiari
22.5,52272.52453443643,gd,jiejiari
23.5,49205.97197681595,gd,jiejiari
0.5,11115.104972619552,gs,gongzuori
1.5,11070.195947964192,gs,gongzuori
2.5,10923.809220354558,gs,gongzuori
3.5,10947.812656744249,gs,gongzuori
4.5,10757.929016237746,gs,gongzuori
5.5,10853.420955691588,gs,gongzuori
6.5,11508.651752298318,gs,gongzuori
7.5,12014.560377411704,gs,gongzuori
8.5,11384.39130512491,gs,gongzuori
9.5,11976.71713374889,gs,gongzuori
10.5,12133.28597342228,gs,gongzuori
11.5,12505.431691580001,gs,gongzuori
12.5,12482.210649195998,gs,gongzuori
13.5,12001.93108889404,gs,gongzuori
14.5,12215.21139104933,gs,gongzuori
15.5,12054.403567038858,gs,gongzuori
16.5,12508.787030348398,gs,gongzuori
17.5,12839.515278710282,gs,gongzuori
18.5,12928.023926008915,gs,gongzuori
19.5,12510.635692387754,gs,gongzuori
20.5,12622.824127413574,gs,gongzuori
21.5,12222.52860294739,gs,gongzuori
22.5,12114.465260478188,gs,gongzuori
23.5,11749.182183876985,gs,gongzuori
0.5,11016.080234214834,gs,jiejiari
1.5,10965.489239464452,gs,jiejiari
2.5,10795.057995026798,gs,jiejiari
3.5,10776.241024708841,gs,jiejiari
4.5,10807.312335663168,gs,jiejiari
5.5,11061.464064653486,gs,jiejiari
6.5,10936.093052934391,gs,jiejiari
7.5,11598.056951999908,gs,jiejiari
8.5,11557.172453470064,gs,jiejiari
9.5,11765.224457482294,gs,jiejiari
10.5,11676.248527931453,gs,jiejiari
11.5,11968.136666299302,gs,jiejiari
12.5,11978.187405354429,gs,jiejiari
13.5,11753.701096830422,gs,jiejiari
14.5,11874.426019859595,gs,jiejiari
15.5,11430.719099274971,gs,jiejiari
16.5,11477.40548524175,gs,jiejiari
17.5,12082.910691548253,gs,jiejiari
18.5,12314.40284624219,gs,jiejiari
19.5,12339.46815408458,gs,jiejiari
20.5,12098.486950505521,gs,jiejiari
21.5,11689.311484810993,gs,jiejiari
22.5,11639.928929816379,gs,jiejiari
23.5,11406.868322893466,gs,jiejiari
0.5,15822.083588054114,gx,gongzuori
1.5,14949.660873676341,gx,gongzuori
2.5,14333.92715455175,gx,gongzuori
3.5,13896.161949040265,gx,gongzuori
4.5,13496.715731942128,gx,gongzuori
5.5,13593.859867060331,gx,gongzuori
6.5,14435.559011082167,gx,gongzuori
7.5,14855.824418718696,gx,gongzuori
8.5,16671.412022915156,gx,gongzuori
9.5,18078.036138467654,gx,gongzuori
10.5,19047.589884338955,gx,gongzuori
11.5,19391.037699028948,gx,gongzuori
12.5,18301.092459135343,gx,gongzuori
13.5,18835.227405917507,gx,gongzuori
14.5,19512.863197508344,gx,gongzuori
15.5,19785.453339065214,gx,gongzuori
16.5,19859.920760604018,gx,gongzuori
17.5,19815.325252278693,gx,gongzuori
18.5,18725.883034579576,gx,gongzuori
19.5,18887.39554899667,gx,gongzuori
20.5,19790.167904231206,gx,gongzuori
21.5,19784.741687618112,gx,gongzuori
22.5,19118.972290289556,gx,gongzuori
23.5,17812.81813363156,gx,gongzuori
0.5,12895.1888513351,gx,jiejiari
1.5,12332.108541708685,gx,jiejiari
2.5,11863.262980139589,gx,jiejiari
3.5,11465.89756201953,gx,jiejiari
4.5,11370.939825450203,gx,jiejiari
5.5,11658.55367026317,gx,jiejiari
6.5,12420.449762837212,gx,jiejiari
7.5,13495.86929831835,gx,jiejiari
8.5,13732.100806159731,gx,jiejiari
9.5,14264.422712265085,gx,jiejiari
10.5,14836.351754918394,gx,jiejiari
11.5,15041.172001567458,gx,jiejiari
12.5,14267.700050635098,gx,jiejiari
13.5,14122.94234892874,gx,jiejiari
14.5,14435.626047082887,gx,jiejiari
15.5,14827.771651386945,gx,jiejiari
16.5,15179.269564383743,gx,jiejiari
17.5,16179.790309822998,gx,jiejiari
18.5,16260.688763138309,gx,jiejiari
19.5,16818.555667590797,gx,jiejiari
20.5,16225.429279674734,gx,jiejiari
21.5,15637.264900323591,gx,jiejiari
22.5,14840.33519442574,gx,jiejiari
23.5,13407.51922619874,gx,jiejiari
0.5,10821.23084595022,gz,gongzuori
1.5,10264.037046103706,gz,gongzuori
2.5,9986.870156817815,gz,gongzuori
3.5,9744.64568818087,gz,gongzuori
4.5,9885.42275957066,gz,gongzuori
5.5,9971.2020821789,gz,gongzuori
6.5,10933.904530875589,gz,gongzuori
7.5,12506.311518620576,gz,gongzuori
8.5,14038.274281846883,gz,gongzuori
9.5,15042.865746174733,gz,gongzuori
10.5,15554.22704514481,gz,gongzuori
11.5,15696.22010607882,gz,gongzuori
12.5,14369.609769122875,gz,gongzuori
13.5,14080.203577954955,gz,gongzuori
14.5,14108.405869937787,gz,gongzuori
15.5,13937.255570233378,gz,gongzuori
16.5,14534.747301782625,gz,gongzuori
17.5,15354.535764747423,gz,gongzuori
18.5,15101.577739556757,gz,gongzuori
19.5,15044.137121525466,gz,gongzuori
20.5,15191.642925231377,gz,gongzuori
21.5,14532.446150492522,gz,gongzuori
22.5,13428.27098153937,gz,gongzuori
23.5,12137.018296631184,gz,gongzuori
0.5,10035.820109546776,gz,jiejiari
1.5,9602.123303260214,gz,jiejiari
2.5,9234.00802064287,gz,jiejiari
3.5,9051.461503718867,gz,jiejiari
4.5,8963.892945939311,gz,jiejiari
5.5,9054.076490398154,gz,jiejiari
6.5,9616.315956450277,gz,jiejiari
7.5,11289.782523185728,gz,jiejiari
8.5,12576.417297484624,gz,jiejiari
9.5,13393.143914547929,gz,jiejiari
10.5,13744.890790776732,gz,jiejiari
11.5,13551.399346875802,gz,jiejiari
12.5,12542.67527202582,gz,jiejiari
13.5,12338.843533860982,gz,jiejiari
14.5,12294.703429899751,gz,jiejiari
15.5,12418.290114889713,gz,jiejiari
16.5,12849.181589254948,gz,jiejiari
17.5,13669.713291604194,gz,jiejiari
18.5,14123.022167080617,gz,jiejiari
19.5,14478.9186178046,gz,jiejiari
20.5,13609.331904620165,gz,jiejiari
21.5,13143.894298363748,gz,jiejiari
22.5,12130.785127730189,gz,jiejiari
23.5,11058.14555810648,gz,jiejiari
0.5,48952.848375095135,ha,gongzuori
1.5,47454.1316780414,ha,gongzuori
2.5,45822.2976803723,ha,gongzuori
3.5,44206.71474889115,ha,gongzuori
4.5,43290.80584836899,ha,gongzuori
5.5,42797.42591601029,ha,gongzuori
6.5,44730.117340423596,ha,gongzuori
7.5,44863.16498873689,ha,gongzuori
8.5,45768.16220587909,ha,gongzuori
9.5,47901.995403792556,ha,gongzuori
10.5,50536.78758824607,ha,gongzuori
11.5,54228.35360292118,ha,gongzuori
12.5,55626.828994050324,ha,gongzuori
13.5,55812.430923482934,ha,gongzuori
14.5,54922.61244855965,ha,gongzuori
15.5,54783.66365820146,ha,gongzuori
16.5,53816.887829456326,ha,gongzuori
17.5,53416.002859970926,ha,gongzuori
18.5,51574.160645334465,ha,gongzuori
19.5,51286.0093342383,ha,gongzuori
20.5,53595.7251588385,ha,gongzuori
21.5,53824.70805062605,ha,gongzuori
22.5,52428.261943137244,ha,gongzuori
23.5,48448.62386514173,ha,gongzuori
0.5,29787.98812704596,ha,jiejiari
1.5,30309.68324501844,ha,jiejiari
2.5,29857.941040280384,ha,jiejiari
3.5,29562.09031052549,ha,jiejiari
4.5,28920.616261088006,ha,jiejiari
5.5,29392.59575422365,ha,jiejiari
6.5,32398.402458394605,ha,jiejiari
7.5,33471.867881956074,ha,jiejiari
8.5,31453.328405997916,ha,jiejiari
9.5,31628.79639659297,ha,jiejiari
10.5,32437.734161912736,ha,jiejiari
11.5,33898.19771922999,ha,jiejiari
12.5,32944.498232642676,ha,jiejiari
13.5,32554.32295214925,ha,jiejiari
14.5,32809.76092688765,ha,jiejiari
15.5,33004.538341503685,ha,jiejiari
16.5,32783.07320780692,ha,jiejiari
17.5,34729.89722326208,ha,jiejiari
18.5,35545.243529648214,ha,jiejiari
19.5,35393.121518956155,ha,jiejiari
20.5,34547.622683636706,ha,jiejiari
21.5,33282.556635170535,ha,jiejiari
22.5,31868.89668379691,ha,jiejiari
23.5,30575.975832277156,ha,jiejiari
0.5,29402.50867802588,hb,gongzuori
1.5,29079.360113821436,hb,gongzuori
2.5,28309.46718409057,hb,gongzuori
3.5,27317.754100845203,hb,gongzuori
4.5,26519.190980056304,hb,gongzuori
5.5,26103.758739703473,hb,gongzuori
6.5,26327.07290529191,hb,gongzuori
7.5,26341.427697975483,hb,gongzuori
8.5,28832.22162613316,hb,gongzuori
9.5,30647.591453110334,hb,gongzuori
10.5,31667.232532694565,hb,gongzuori
11.5,32505.973735608794,hb,gongzuori
12.5,33179.75083994697,hb,gongzuori
13.5,33992.15363717565,hb,gongzuori
14.5,34085.94071458865,hb,gongzuori
15.5,33983.55867381205,hb,gongzuori
16.5,33594.00968167326,hb,gongzuori
17.5,32244.68321175954,hb,gongzuori
18.5,30171.302065091655,hb,gongzuori
19.5,30178.562492858255,hb,gongzuori
20.5,33048.986587538086,hb,gongzuori
21.5,33347.65353350185,hb,gongzuori
22.5,32741.172015144257,hb,gongzuori
23.5,30197.334079746848,hb,gongzuori
0.5,16390.923154333672,hb,jiejiari
1.5,15614.408356187938,hb,jiejiari
2.5,15334.027015415357,hb,jiejiari
3.5,15222.444493385507,hb,jiejiari
4.5,15302.309182489253,hb,jiejiari
5.5,15776.381658638524,hb,jiejiari
6.5,16532.146624385816,hb,jiejiari
7.5,17369.499623142277,hb,jiejiari
8.5,17968.982681660556,hb,jiejiari
9.5,18429.337627723657,hb,jiejiari
10.5,18475.255063721626,hb,jiejiari
11.5,18429.082991754196,hb,jiejiari
12.5,17886.75810623339,hb,jiejiari
13.5,17753.680207230555,hb,jiejiari
14.5,18077.32246677981,hb,jiejiari
15.5,18172.473613171143,hb,jiejiari
16.5,18868.436007432352,hb,jiejiari
17.5,19662.740001433373,hb,jiejiari
18.5,19208.082207027794,hb,jiejiari
19.5,19108.253728279215,hb,jiejiari
20.5,18622.577294277573,hb,jiejiari
21.5,18087.564948982992,hb,jiejiari
22.5,17536.851331204587,hb,jiejiari
23.5,16320.541190615593,hb,jiejiari
0.5,23054.94187478104,he,gongzuori
1.5,22096.667844091073,he,gongzuori
2.5,21573.73022352825,he,gongzuori
3.5,21096.467841533737,he,gongzuori
4.5,20795.833351004625,he,gongzuori
5.5,20976.976295111963,he,gongzuori
6.5,22869.979266561742,he,gongzuori
7.5,23463.195882891185,he,gongzuori
8.5,25387.290283679926,he,gongzuori
9.5,27378.114684897417,he,gongzuori
10.5,28920.288977339504,he,gongzuori
11.5,31269.936111507104,he,gongzuori
12.5,29677.881281370006,he,gongzuori
13.5,29526.240239060407,he,gongzuori
14.5,29970.28568949742,he,gongzuori
15.5,30069.118862335425,he,gongzuori
16.5,29929.431261810256,he,gongzuori
17.5,29796.085938790024,he,gongzuori
18.5,29846.297871852028,he,gongzuori
19.5,29280.07203560614,he,gongzuori
20.5,29439.83155841603,he,gongzuori
21.5,29110.298215537023,he,gongzuori
22.5,28233.527839254202,he,gongzuori
23.5,25711.763643679322,he,gongzuori
0.5,18627.314216282386,he,jiejiari
1.5,17961.944715643018,he,jiejiari
2.5,17606.502981804995,he,jiejiari
3.5,17246.229378070457,he,jiejiari
4.5,17292.27929943786,he,jiejiari
5.5,17590.627325504774,he,jiejiari
6.5,20456.24290040746,he,jiejiari
7.5,21675.952511836265,he,jiejiari
8.5,21547.01749023497,he,jiejiari
9.5,22041.344006145224,he,jiejiari
10.5,22424.613240895327,he,jiejiari
11.5,23390.21852144008,he,jiejiari
12.5,20459.642547648575,he,jiejiari
13.5,20588.69712625106,he,jiejiari
14.5,21496.85433742183,he,jiejiari
15.5,22432.64639879552,he,jiejiari
16.5,23023.02943685132,he,jiejiari
17.5,24092.072173830722,he,jiejiari
18.5,24958.936463669987,he,jiejiari
19.5,22603.47487416993,he,jiejiari
20.5,22448.352175394262,he,jiejiari
21.5,22366.2645868087,he,jiejiari
22.5,21346.597757184445,he,jiejiari
23.5,19598.258110457882,he,jiejiari
0.5,3633.0099611572814,hi,gongzuori
1.5,3423.770675619,hi,gongzuori
2.5,3254.1062503540657,hi,gongzuori
3.5,3129.797498980204,hi,gongzuori
4.5,3059.1430564033412,hi,gongzuori
5.5,3040.502062344361,hi,gongzuori
6.5,3107.235758527681,hi,gongzuori
7.5,3185.1247069429883,hi,gongzuori
8.5,3421.328250903452,hi,gongzuori
9.5,3733.514445614528,hi,gongzuori
10.5,3847.3966967365864,hi,gongzuori
11.5,3658.7655926793464,hi,gongzuori
12.5,3465.8805131130634,hi,gongzuori
13.5,3399.006535730227,hi,gongzuori
14.5,3374.4038812264826,hi,gongzuori
15.5,3412.1658622118644,hi,gongzuori
16.5,3556.15724621547,hi,gongzuori
17.5,3719.2557845848974,hi,gongzuori
18.5,3594.9100584641574,hi,gongzuori
19.5,3770.431824829292,hi,gongzuori
20.5,3770.2164247464734,hi,gongzuori
21.5,3631.1699033697487,hi,gongzuori
22.5,3402.171588981192,hi,gongzuori
23.5,3216.5949437013837,hi,gongzuori
0.5,2840.1588540103016,hi,jiejiari
1.5,2667.2721081720674,hi,jiejiari
2.5,2565.667334899759,hi,jiejiari
3.5,2464.824102427781,hi,jiejiari
4.5,2389.9437145783863,hi,jiejiari
5.5,2447.835521478632,hi,jiejiari
6.5,2591.7057227173464,hi,jiejiari
7.5,2750.5210154988517,hi,jiejiari
8.5,2862.6072596799404,hi,jiejiari
9.5,3111.452053674956,hi,jiejiari
10.5,3236.208787524397,hi,jiejiari
11.5,3190.5785598413886,hi,jiejiari
12.5,3116.185698449755,hi,jiejiari
13.5,3060.2342603923366,hi,jiejiari
14.5,3042.47060693696,hi,jiejiari
15.5,3076.3827186928347,hi,jiejiari
16.5,3215.2485780356797,hi,jiejiari
17.5,3482.2974020940846,hi,jiejiari
18.5,3513.7494442511083,hi,jiejiari
19.5,3598.634844648608,hi,jiejiari
20.5,3444.8233276771953,hi,jiejiari
21.5,3310.6939111072106,hi,jiejiari
22.5,3140.0094897100676,hi,jiejiari
23.5,2955.475330549682,hi,jiejiari
0.5,7557.252681420228,hl,gongzuori
1.5,7472.1942853455075,hl,gongzuori
2.5,7386.321911199777,hl,gongzuori
3.5,7385.544209383436,hl,gongzuori
4.5,7754.45677944014,hl,gongzuori
5.5,8960.596573848581,hl,gongzuori
6.5,9726.142014185443,hl,gongzuori
7.5,9584.012417880715,hl,gongzuori
8.5,9919.671681902646,hl,gongzuori
9.5,10123.049596455576,hl,gongzuori
10.5,10652.97160994081,hl,gongzuori
11.5,10510.232042733975,hl,gongzuori
12.5,9709.318330079015,hl,gongzuori
13.5,9821.555430299875,hl,gongzuori
14.5,9803.68167955215,hl,gongzuori
15.5,10011.941626717111,hl,gongzuori
16.5,10906.644809167201,hl,gongzuori
17.5,10834.251703947226,hl,gongzuori
18.5,10137.532529897819,hl,gongzuori
19.5,10425.33698776346,hl,gongzuori
20.5,10018.711273197303,hl,gongzuori
21.5,9267.311968029679,hl,gongzuori
22.5,8500.028635242072,hl,gongzuori
23.5,7764.7526237652455,hl,gongzuori
0.5,7326.914190725728,hl,jiejiari
1.5,7172.764837364934,hl,jiejiari
2.5,7183.600199095614,hl,jiejiari
3.5,7122.020757066937,hl,jiejiari
4.5,7323.678734272182,hl,jiejiari
5.5,8142.615301293998,hl,jiejiari
6.5,9320.168985182861,hl,jiejiari
7.5,9221.0724492871,hl,jiejiari
8.5,9037.110038572186,hl,jiejiari
9.5,9139.438646749773,hl,jiejiari
10.5,9445.679629081213,hl,jiejiari
11.5,9491.745019402208,hl,jiejiari
12.5,8862.299269743598,hl,jiejiari
13.5,8951.729126773638,hl,jiejiari
14.5,8927.34822154722,hl,jiejiari
15.5,9304.175515856808,hl,jiejiari
16.5,10114.181507730349,hl,jiejiari
17.5,10557.919672217917,hl,jiejiari
18.5,10157.612766303373,hl,jiejiari
19.5,9926.440848653921,hl,jiejiari
20.5,9501.669221652224,hl,jiejiari
21.5,8974.99199387453,hl,jiejiari
22.5,8165.246453380352,hl,jiejiari
23.5,7530.736479051376,hl,jiejiari
0.5,21213.345456054798,hn,gongzuori
1.5,19939.64180121012,hn,gongzuori
2.5,18997.103344088337,hn,gongzuori
3.5,18084.0847809968,hn,gongzuori
4.5,17619.57285224561,hn,gongzuori
5.5,17242.319922280407,hn,gongzuori
6.5,17809.842048385235,hn,gongzuori
7.5,18329.990155790925,hn,gongzuori
8.5,20131.160039394133,hn,gongzuori
9.5,21911.31208493159,hn,gongzuori
10.5,23387.40264488495,hn,gongzuori
11.5,24973.14350576308,hn,gongzuori
12.5,23982.66355902026,hn,gongzuori
13.5,24562.396878971595,hn,gongzuori
14.5,24335.534974015998,hn,gongzuori
15.5,23896.776099995117,hn,gongzuori
16.5,23797.586809006876,hn,gongzuori
17.5,23640.23572163556,hn,gongzuori
18.5,22386.627402394763,hn,gongzuori
19.5,23005.935653141707,hn,gongzuori
20.5,24892.19017918325,hn,gongzuori
21.5,24471.860018081174,hn,gongzuori
22.5,23869.361154987102,hn,gongzuori
23.5,22236.21550369342,hn,gongzuori
0.5,11590.973599048399,hn,jiejiari
1.5,11082.875467646007,hn,jiejiari
2.5,10847.375747401655,hn,jiejiari
3.5,10540.652219706144,hn,jiejiari
4.5,10632.18796025662,hn,jiejiari
5.5,11060.713076757764,hn,jiejiari
6.5,12518.11363696355,hn,jiejiari
7.5,13232.836926905615,hn,jiejiari
8.5,13626.094629058385,hn,jiejiari
9.5,14267.85686425009,hn,jiejiari
10.5,14789.881715292664,hn,jiejiari
11.5,15478.201228626162,hn,jiejiari
12.5,14220.452594274151,hn,jiejiari
13.5,13494.485596118828,hn,jiejiari
14.5,13447.819564271202,hn,jiejiari
15.5,13049.281767633895,hn,jiejiari
16.5,14222.236668798074,hn,jiejiari
17.5,15136.470436084566,hn,jiejiari
18.5,15930.532630180991,hn,jiejiari
19.5,15815.63197236589,hn,jiejiari
20.5,15199.057444704742,hn,jiejiari
21.5,14343.416078033995,hn,jiejiari
22.5,13761.650045458839,hn,jiejiari
23.5,12589.739973106936,hn,jiejiari
0.5,17789.412705738225,jibei,gongzuori
1.5,17827.255939954408,jibei,gongzuori
2.5,17324.46875217111,jibei,gongzuori
3.5,17487.261661853354,jibei,gongzuori
4.5,16977.45548883619,jibei,gongzuori
5.5,17536.772811970895,jibei,gongzuori
6.5,18138.352866092486,jibei,gongzuori
7.5,18356.44931654268,jibei,gongzuori
8.5,18683.377517915374,jibei,gongzuori
9.5,19273.690233806446,jibei,gongzuori
10.5,19921.032179725902,jibei,gongzuori
11.5,20292.97231870127,jibei,gongzuori
12.5,19317.264157401063,jibei,gongzuori
13.5,19524.25414208627,jibei,gongzuori
14.5,19688.829522058844,jibei,gongzuori
15.5,20023.611223951473,jibei,gongzuori
16.5,20453.419893451304,jibei,gongzuori
17.5,20461.64986652108,jibei,gongzuori
18.5,20412.046662298857,jibei,gongzuori
19.5,20414.888352516224,jibei,gongzuori
20.5,20458.957231435274,jibei,gongzuori
21.5,19898.229511610705,jibei,gongzuori
22.5,19106.923219716624,jibei,gongzuori
23.5,18483.92813327024,jibei,gongzuori
0.5,16283.541408615014,jibei,jiejiari
1.5,16224.555937923742,jibei,jiejiari
2.5,15930.816561097037,jibei,jiejiari
3.5,16076.372154388,jibei,jiejiari
4.5,16038.033014424871,jibei,jiejiari
5.5,16335.48424697584,jibei,jiejiari
6.5,17258.532648286644,jibei,jiejiari
7.5,17085.26794969387,jibei,jiejiari
8.5,16932.86252202764,jibei,jiejiari
9.5,17019.172274597924,jibei,jiejiari
10.5,17210.63851928756,jibei,jiejiari
11.5,17125.219306513838,jibei,jiejiari
12.5,16292.521242721145,jibei,jiejiari
13.5,16501.35016557424,jibei,jiejiari
14.5,16761.900783622805,jibei,jiejiari
15.5,17211.154739510966,jibei,jiejiari
16.5,17857.651765681498,jibei,jiejiari
17.5,18348.24390900697,jibei,jiejiari
18.5,19059.09032682714,jibei,jiejiari
19.5,18583.044934205096,jibei,jiejiari
20.5,18167.70259860695,jibei,jiejiari
21.5,17994.680687747783,jibei,jiejiari
22.5,17733.51347056462,jibei,jiejiari
23.5,16905.036092669037,jibei,jiejiari
0.5,6112.190816671948,jl,gongzuori
1.5,5971.745790833602,jl,gongzuori
2.5,5882.732592056003,jl,gongzuori
3.5,5886.699354063919,jl,gongzuori
4.5,5969.92678932274,jl,gongzuori
5.5,6820.277090615842,jl,gongzuori
6.5,7328.376940549452,jl,gongzuori
7.5,7447.316601385157,jl,gongzuori
8.5,7938.545850579109,jl,gongzuori
9.5,8303.97293472267,jl,gongzuori
10.5,8603.021057753223,jl,gongzuori
11.5,8234.459067868109,jl,gongzuori
12.5,8091.027888857285,jl,gongzuori
13.5,8270.98869788994,jl,gongzuori
14.5,8188.6816070093455,jl,gongzuori
15.5,8387.286402447675,jl,gongzuori
16.5,8560.97997561125,jl,gongzuori
17.5,8403.809140567724,jl,gongzuori
18.5,8046.102427793462,jl,gongzuori
19.5,8347.690284914932,jl,gongzuori
20.5,8133.124827690024,jl,gongzuori
21.5,7677.558742467447,jl,gongzuori
22.5,7022.24245779169,jl,gongzuori
23.5,6464.655437268304,jl,gongzuori
0.5,5405.168817793159,jl,jiejiari
1.5,5322.922542208555,jl,jiejiari
2.5,5194.47869595708,jl,jiejiari
3.5,5183.868006571058,jl,jiejiari
4.5,5328.846731900761,jl,jiejiari
5.5,5859.439773073058,jl,jiejiari
6.5,6612.835495280699,jl,jiejiari
7.5,6661.898830427883,jl,jiejiari
8.5,6713.755614247179,jl,jiejiari
9.5,6808.7459729418415,jl,jiejiari
10.5,6782.850946256687,jl,jiejiari
11.5,6601.2021134213255,jl,jiejiari
12.5,6365.225313535879,jl,jiejiari
13.5,6393.566467328382,jl,jiejiari
14.5,6450.2026372333485,jl,jiejiari
15.5,6665.887218970514,jl,jiejiari
16.5,7300.619009673632,jl,jiejiari
17.5,7701.975717347835,jl,jiejiari
18.5,7710.141402628752,jl,jiejiari
19.5,7529.282873597146,jl,jiejiari
20.5,7197.573240537896,jl,jiejiari
21.5,6907.493048417035,jl,jiejiari
22.5,6261.237516724956,jl,jiejiari
23.5,5690.031276647905,jl,jiejiari
0.5,79038.51131054563,js,gongzuori
1.5,76777.05363764157,js,gongzuori
2.5,75001.3760642836,js,gongzuori
3.5,73358.54540437243,js,gongzuori
4.5,72886.45365865756,js,gongzuori
5.5,73688.56717356354,js,gongzuori
6.5,74598.43700064327,js,gongzuori
7.5,78769.90003340601,js,gongzuori
8.5,84487.22533759622,js,gongzuori
9.5,91035.93465751375,js,gongzuori
10.5,94330.72048868859,js,gongzuori
11.5,92211.32994152357,js,gongzuori
12.5,94773.91218473073,js,gongzuori
13.5,96384.46751114196,js,gongzuori
14.5,96221.94109591862,js,gongzuori
15.5,95295.95571230126,js,gongzuori
16.5,94533.12155302543,js,gongzuori
17.5,88681.42118259729,js,gongzuori
18.5,86276.02818424816,js,gongzuori
19.5,90383.11011977209,js,gongzuori
20.5,91964.68999998434,js,gongzuori
21.5,91494.22177481382,js,gongzuori
22.5,86444.83623257402,js,gongzuori
23.5,81402.3404501809,js,gongzuori
0.5,43489.643897214504,js,jiejiari
1.5,42720.28855237084,js,jiejiari
2.5,42293.03420795357,js,jiejiari
3.5,41952.08441725491,js,jiejiari
4.5,42292.56810023988,js,jiejiari
5.5,43897.62565269594,js,jiejiari
6.5,46391.37730134395,js,jiejiari
7.5,46911.95414570876,js,jiejiari
8.5,46027.48991503723,js,jiejiari
9.5,47418.35510042387,js,jiejiari
10.5,49307.51696658054,js,jiejiari
11.5,46591.366248446364,js,jiejiari
12.5,47060.292857931716,js,jiejiari
13.5,48339.4003173188,js,jiejiari
14.5,48898.22292393587,js,jiejiari
15.5,49410.84471999963,js,jiejiari
16.5,51100.29734211573,js,jiejiari
17.5,50851.40592475963,js,jiejiari
18.5,52281.2822186063,js,jiejiari
19.5,51527.07228347065,js,jiejiari
20.5,51149.857500533755,js,jiejiari
21.5,51367.02887613098,js,jiejiari
22.5,48974.639442145555,js,jiejiari
23.5,46570.94633465039,js,jiejiari
0.5,18432.40793789289,jx,gongzuori
1.5,17846.504746170554,jx,gongzuori
2.5,17076.385719448943,jx,gongzuori
3.5,16432.376380032423,jx,gongzuori
4.5,15998.501771030298,jx,gongzuori
5.5,15879.450117161578,jx,gongzuori
6.5,16315.350288328289,jx,gongzuori
7.5,15658.265137092816,jx,gongzuori
8.5,17924.17338773534,jx,gongzuori
9.5,19147.203929058498,jx,gongzuori
10.5,20124.55592161128,jx,gongzuori
11.5,20809.644850221997,jx,gongzuori
12.5,19431.483938205984,jx,gongzuori
13.5,20242.51644821422,jx,gongzuori
14.5,20734.937864076554,jx,gongzuori
15.5,20668.716647573554,jx,gongzuori
16.5,20521.27645416783,jx,gongzuori
17.5,20347.238171361503,jx,gongzuori
18.5,19301.987633742487,jx,gongzuori
19.5,20073.466445977563,jx,gongzuori
20.5,21341.376540053538,jx,gongzuori
21.5,21661.16062195994,jx,gongzuori
22.5,20296.27138538368,jx,gongzuori
23.5,19259.42539779917,jx,gongzuori
0.5,10874.50259537138,jx,jiejiari
1.5,10351.327452287596,jx,jiejiari
2.5,10070.972625082592,jx,jiejiari
3.5,10116.213710276097,jx,jiejiari
4.5,10032.599095920912,jx,jiejiari
5.5,10395.962409987389,jx,jiejiari
6.5,11471.056786279181,jx,jiejiari
7.5,11918.703152954728,jx,jiejiari
8.5,12530.848471459727,jx,jiejiari
9.5,12947.457596852597,jx,jiejiari
10.5,13856.417732359354,jx,jiejiari
11.5,14134.852369898364,jx,jiejiari
12.5,12081.048661046292,jx,jiejiari
13.5,12235.28512296244,jx,jiejiari
14.5,12645.179139049897,jx,jiejiari
15.5,13192.913191020582,jx,jiejiari
16.5,13960.825672756217,jx,jiejiari
17.5,14899.101430961911,jx,jiejiari
18.5,15222.961569833804,jx,jiejiari
19.5,14729.505214521027,jx,jiejiari
20.5,14433.367517007851,jx,jiejiari
21.5,13745.504927741053,jx,jiejiari
22.5,12468.723317102782,jx,jiejiari
23.5,11461.87540767878,jx,jiejiari
0.5,24332.51247727697,ln,gongzuori
1.5,23936.350461701855,ln,gongzuori
2.5,23372.936557444846,ln,gongzuori
3.5,23300.393677282595,ln,gongzuori
4.5,23325.191754176416,ln,gongzuori
5.5,24113.559897146668,ln,gongzuori
6.5,25055.588596935668,ln,gongzuori
7.5,24784.230845143185,ln,gongzuori
8.5,25863.768163260043,ln,gongzuori
9.5,27012.194132204386,ln,gongzuori
10.5,27467.168404554868,ln,gongzuori
11.5,26791.96537509956,ln,gongzuori
12.5,26355.603664383172,ln,gongzuori
13.5,26929.055927096608,ln,gongzuori
14.5,26996.7850439607,ln,gongzuori
15.5,27150.098280072718,ln,gongzuori
16.5,27042.852730731163,ln,gongzuori
17.5,26337.263342460818,ln,gongzuori
18.5,26008.48460533695,ln,gongzuori
19.5,26434.273390305134,ln,gongzuori
20.5,26617.044861753482,ln,gongzuori
21.5,27655.692744660842,ln,gongzuori
22.5,26572.73586914447,ln,gongzuori
23.5,25165.603270769203,ln,gongzuori
0.5,21365.19945400784,ln,jiejiari
1.5,21191.714598395258,ln,jiejiari
2.5,20991.357317195227,ln,jiejiari
3.5,20874.434738523825,ln,jiejiari
4.5,21017.73843439564,ln,jiejiari
5.5,21504.484817684697,ln,jiejiari
6.5,22696.864902025507,ln,jiejiari
7.5,21270.864584937568,ln,jiejiari
8.5,21157.622924330262,ln,jiejiari
9.5,21664.499053221254,ln,jiejiari
10.5,21910.659580565112,ln,jiejiari
11.5,21320.10020388085,ln,jiejiari
12.5,21233.346294981755,ln,jiejiari
13.5,21196.68887581573,ln,jiejiari
14.5,21238.195292275064,ln,jiejiari
15.5,21621.50047285942,ln,jiejiari
16.5,22526.193749387367,ln,jiejiari
17.5,22651.30462582725,ln,jiejiari
18.5,23007.849747543572,ln,jiejiari
19.5,23076.79438913079,ln,jiejiari
20.5,22962.312305483054,ln,jiejiari
21.5,24627.586034978478,ln,jiejiari
22.5,23822.154124283217,ln,jiejiari
23.5,22618.72202724451,ln,jiejiari
0.5,5196.407196905415,mengdong,gongzuori
1.5,5122.759174808255,mengdong,gongzuori
2.5,5131.88952773909,mengdong,gongzuori
3.5,5105.251060973464,mengdong,gongzuori
4.5,5142.1308779897,mengdong,gongzuori
5.5,5491.095025459689,mengdong,gongzuori
6.5,5985.284299649128,mengdong,gongzuori
7.5,5899.508593311576,mengdong,gongzuori
8.5,5854.900409398882,mengdong,gongzuori
9.5,5926.434027591355,mengdong,gongzuori
10.5,6238.1448948067,mengdong,gongzuori
11.5,6314.520238390635,mengdong,gongzuori
12.5,5995.47740281437,mengdong,gongzuori
13.5,5844.542471288147,mengdong,gongzuori
14.5,6009.030565026979,mengdong,gongzuori
15.5,5997.923459268729,mengdong,gongzuori
16.5,6137.821037276552,mengdong,gongzuori
17.5,6522.916205991238,mengdong,gongzuori
18.5,6467.14006973895,mengdong,gongzuori
19.5,6368.49777705728,mengdong,gongzuori
20.5,6261.541053701438,mengdong,gongzuori
21.5,6191.796842060262,mengdong,gongzuori
22.5,5756.562167050561,mengdong,gongzuori
23.5,5446.72643248161,mengdong,gongzuori
0.5,5369.979978633772,mengdong,jiejiari
1.5,5336.265246783985,mengdong,jiejiari
2.5,5352.077670781094,mengdong,jiejiari
3.5,5319.358242461914,mengdong,jiejiari
4.5,5344.849414212618,mengdong,jiejiari
5.5,5533.995096038313,mengdong,jiejiari
6.5,5957.254413705753,mengdong,jiejiari
7.5,5901.3046519834525,mengdong,jiejiari
8.5,5836.23149276361,mengdong,jiejiari
9.5,5846.5175459577895,mengdong,jiejiari
10.5,5942.977352714332,mengdong,jiejiari
11.5,6069.1127989131355,mengdong,jiejiari
12.5,5649.610000239393,mengdong,jiejiari
13.5,5588.949226401015,mengdong,jiejiari
14.5,5574.591300097399,mengdong,jiejiari
15.5,5659.450973317644,mengdong,jiejiari
16.5,5924.827146008643,mengdong,jiejiari
17.5,6413.428296624721,mengdong,jiejiari
18.5,6644.38201097903,mengdong,jiejiari
19.5,6480.962607721516,mengdong,jiejiari
20.5,6350.453311264518,mengdong,jiejiari
21.5,6273.6108755112955,mengdong,jiejiari
22.5,6016.147408342764,mengdong,jiejiari
23.5,5772.987337701034,mengdong,jiejiari
0.5,28032.027737246797,mengxi,gongzuori
1.5,28119.76871292813,mengxi,gongzuori
2.5,27982.668560096998,mengxi,gongzuori
3.5,27488.579215581867,mengxi,gongzuori
4.5,27708.606547763702,mengxi,gongzuori
5.5,27799.56766987583,mengxi,gongzuori
6.5,28302.342310802564,mengxi,gongzuori
7.5,28485.01603019629,mengxi,gongzuori
8.5,28623.232908105118,mengxi,gongzuori
9.5,28748.10418246077,mengxi,gongzuori
10.5,29124.78947322198,mengxi,gongzuori
11.5,29575.060656547055,mengxi,gongzuori
12.5,29396.482594365156,mengxi,gongzuori
13.5,28993.556226488166,mengxi,gongzuori
14.5,29309.15705417088,mengxi,gongzuori
15.5,29443.921358122152,mengxi,gongzuori
16.5,29906.41242144201,mengxi,gongzuori
17.5,30129.16852254628,mengxi,gongzuori
18.5,30607.969450217875,mengxi,gongzuori
19.5,30403.0694431674,mengxi,gongzuori
20.5,30079.381369326875,mengxi,gongzuori
21.5,30019.52504486916,mengxi,gongzuori
22.5,29267.29239035442,mengxi,gongzuori
23.5,28439.377195757002,mengxi,gongzuori
0.5,28932.337400865363,mengxi,jiejiari
1.5,28931.29666094324,mengxi,jiejiari
2.5,28932.33537574316,mengxi,jiejiari
3.5,28566.195589019833,mengxi,jiejiari
4.5,28690.514855564757,mengxi,jiejiari
5.5,28838.769184558892,mengxi,jiejiari
6.5,29389.709376516366,mengxi,jiejiari
7.5,29630.782824011472,mengxi,jiejiari
8.5,29390.006349636307,mengxi,jiejiari
9.5,29514.235328843926,mengxi,jiejiari
10.5,29347.719257184606,mengxi,jiejiari
11.5,29300.714467719416,mengxi,jiejiari
12.5,28766.08312122719,mengxi,jiejiari
13.5,28736.96544454631,mengxi,jiejiari
14.5,28637.686364656365,mengxi,jiejiari
15.5,29096.03554318939,mengxi,jiejiari
16.5,29517.51177468003,mengxi,jiejiari
17.5,30438.046243845052,mengxi,jiejiari
18.5,31004.485531169936,mengxi,jiejiari
19.5,31423.51679262643,mengxi,jiejiari
20.5,31004.957381912962,mengxi,jiejiari
21.5,30824.65042887283,mengxi,jiejiari
22.5,30584.981199727496,mengxi,jiejiari
23.5,29428.395990849607,mengxi,jiejiari
0.5,10974.753189294812,nx,gongzuori
1.5,11096.78551903212,nx,gongzuori
2.5,11029.625007864539,nx,gongzuori
3.5,10973.076992485008,nx,gongzuori
4.5,10819.507259854969,nx,gongzuori
5.5,10864.629305956118,nx,gongzuori
6.5,10995.540780636175,nx,gongzuori
7.5,11085.192586632307,nx,gongzuori
8.5,10978.854787800155,nx,gongzuori
9.5,11002.104216435955,nx,gongzuori
10.5,11040.77047898915,nx,gongzuori
11.5,11053.610116697231,nx,gongzuori
12.5,11207.75431449308,nx,gongzuori
13.5,11084.987283370258,nx,gongzuori
14.5,11253.439353404176,nx,gongzuori
15.5,11328.328577777427,nx,gongzuori
16.5,11523.359247621205,nx,gongzuori
17.5,11929.145198310987,nx,gongzuori
18.5,11925.036920560091,nx,gongzuori
19.5,11846.506708427307,nx,gongzuori
20.5,11969.415865302242,nx,gongzuori
21.5,11910.54709909385,nx,gongzuori
22.5,11591.791904835169,nx,gongzuori
23.5,11261.154381373502,nx,gongzuori
0.5,10499.021191764203,nx,jiejiari
1.5,10362.421960669617,nx,jiejiari
2.5,10378.362632068543,nx,jiejiari
3.5,10379.534905367173,nx,jiejiari
4.5,10332.171281913446,nx,jiejiari
5.5,10531.94585386784,nx,jiejiari
6.5,10629.706778716096,nx,jiejiari
7.5,10652.499206491397,nx,jiejiari
8.5,10235.050167001029,nx,jiejiari
9.5,10336.939269008395,nx,jiejiari
10.5,10121.495148684804,nx,jiejiari
11.5,10177.534275143667,nx,jiejiari
12.5,9683.29492079492,nx,jiejiari
13.5,10086.444557311172,nx,jiejiari
14.5,10142.338008026165,nx,jiejiari
15.5,10322.434039196361,nx,jiejiari
16.5,10446.62651015458,nx,jiejiari
17.5,10777.34250006974,nx,jiejiari
18.5,11052.795896788395,nx,jiejiari
19.5,11285.868781433943,nx,jiejiari
20.5,11213.425839311569,nx,jiejiari
21.5,10976.570167312395,nx,jiejiari
22.5,10788.431447232819,nx,jiejiari
23.5,10772.203762397725,nx,jiejiari
0.5,7985.105728083914,qh,gongzuori
1.5,7988.905083382378,qh,gongzuori
2.5,7915.942425767185,qh,gongzuori
3.5,7799.034977656404,qh,gongzuori
4.5,7856.88632467574,qh,gongzuori
5.5,7892.404071628107,qh,gongzuori
6.5,8082.625627894944,qh,gongzuori
7.5,8041.7758999888365,qh,gongzuori
8.5,8168.909750736465,qh,gongzuori
9.5,7742.450156525959,qh,gongzuori
10.5,7645.298917743179,qh,gongzuori
11.5,7903.522489536603,qh,gongzuori
12.5,8112.628936438715,qh,gongzuori
13.5,8130.322882434484,qh,gongzuori
14.5,8284.42771451771,qh,gongzuori
15.5,8133.424433668983,qh,gongzuori
16.5,8151.888111023647,qh,gongzuori
17.5,8098.724313166429,qh,gongzuori
18.5,7941.0586803944825,qh,gongzuori
19.5,8027.6509733644825,qh,gongzuori
20.5,8184.282014841213,qh,gongzuori
21.5,8118.540714686274,qh,gongzuori
22.5,8005.319318128955,qh,gongzuori
23.5,8104.354822890761,qh,gongzuori
0.5,8077.540801574024,qh,jiejiari
1.5,7994.542963481278,qh,jiejiari
2.5,7966.418290814336,qh,jiejiari
3.5,7941.234268434471,qh,jiejiari
4.5,7962.790825522979,qh,jiejiari
5.5,8072.838408690728,qh,jiejiari
6.5,8167.156519134838,qh,jiejiari
7.5,8270.133514787078,qh,jiejiari
8.5,8466.937016630603,qh,jiejiari
9.5,8282.146465227152,qh,jiejiari
10.5,8180.208206075642,qh,jiejiari
11.5,8250.270608595454,qh,jiejiari
12.5,8194.492169347426,qh,jiejiari
13.5,8224.744372301955,qh,jiejiari
14.5,8138.1656755877175,qh,jiejiari
15.5,8103.891486975365,qh,jiejiari
16.5,8110.806644365086,qh,jiejiari
17.5,8379.626385906853,qh,jiejiari
18.5,8325.582645353039,qh,jiejiari
19.5,8380.577209643681,qh,jiejiari
20.5,8390.940376922457,qh,jiejiari
21.5,8292.980559699237,qh,jiejiari
22.5,8095.545955454171,qh,jiejiari
23.5,8191.961553613635,qh,jiejiari
0.5,28611.192048798686,sc,gongzuori
1.5,27023.898869027253,sc,gongzuori
2.5,25941.38950781482,sc,gongzuori
3.5,24928.911586162692,sc,gongzuori
4.5,24353.182548120247,sc,gongzuori
5.5,24856.251255814674,sc,gongzuori
6.5,25207.59335659668,sc,gongzuori
7.5,24868.70919276844,sc,gongzuori
8.5,28436.76431969855,sc,gongzuori
9.5,32014.656792421127,sc,gongzuori
10.5,34189.731927981855,sc,gongzuori
11.5,37360.239581865084,sc,gongzuori
12.5,36673.04077931831,sc,gongzuori
13.5,37778.6112166289,sc,gongzuori
14.5,38031.258101117666,sc,gongzuori
15.5,37761.11319048996,sc,gongzuori
16.5,37481.0913449835,sc,gongzuori
17.5,36770.54227023391,sc,gongzuori
18.5,34783.2821431976,sc,gongzuori
19.5,33578.085189354984,sc,gongzuori
20.5,36038.916909324806,sc,gongzuori
21.5,37019.35750267333,sc,gongzuori
22.5,35014.31371428554,sc,gongzuori
23.5,32766.535681714267,sc,gongzuori
0.5,19300.297400650794,sc,jiejiari
1.5,18812.953025784253,sc,jiejiari
2.5,18351.328727699158,sc,jiejiari
3.5,18236.525308599805,sc,jiejiari
4.5,18097.20690705476,sc,jiejiari
5.5,18202.436227578946,sc,jiejiari
6.5,19048.378613436114,sc,jiejiari
7.5,19494.97102839243,sc,jiejiari
8.5,20929.094162453956,sc,jiejiari
9.5,21894.97158354055,sc,jiejiari
10.5,22459.48777881085,sc,jiejiari
11.5,24044.240359975192,sc,jiejiari
12.5,22056.24439845589,sc,jiejiari
13.5,21744.60019523136,sc,jiejiari
14.5,21871.015343748448,sc,jiejiari
15.5,22642.850074574613,sc,jiejiari
16.5,22923.509945329744,sc,jiejiari
17.5,23595.810689489717,sc,jiejiari
18.5,23365.808904704416,sc,jiejiari
19.5,23923.519122602254,sc,jiejiari
20.5,23600.805045102286,sc,jiejiari
21.5,22314.547442744217,sc,jiejiari
22.5,20496.79758178883,sc,jiejiari
23.5,19878.214063988125,sc,jiejiari
0.5,58289.47879929972,sd,gongzuori
1.5,57083.67952851956,sd,gongzuori
2.5,55314.38905034143,sd,gongzuori
3.5,54372.70632948782,sd,gongzuori
4.5,53917.01571188349,sd,gongzuori
5.5,54698.92014339354,sd,gongzuori
6.5,56777.42141882859,sd,gongzuori
7.5,56526.748368687695,sd,gongzuori
8.5,60632.09336741859,sd,gongzuori
9.5,63372.08178851021,sd,gongzuori
10.5,64793.48475647706,sd,gongzuori
11.5,65765.69190613742,sd,gongzuori
12.5,64911.574898137704,sd,gongzuori
13.5,65347.50236270716,sd,gongzuori
14.5,66192.71934091562,sd,gongzuori
15.5,66136.78196675042,sd,gongzuori
16.5,65107.70320288851,sd,gongzuori
17.5,63979.506595056184,sd,gongzuori
18.5,62070.26780777513,sd,gongzuori
19.5,61587.78657048923,sd,gongzuori
20.5,60951.30873957924,sd,gongzuori
21.5,60469.401036278185,sd,gongzuori
22.5,58420.33458964914,sd,gongzuori
23.5,58497.9665143489,sd,gongzuori
0.5,46562.57232568405,sd,jiejiari
1.5,46461.168547290465,sd,jiejiari
2.5,45899.04416497881,sd,jiejiari
3.5,45260.236638304945,sd,jiejiari
4.5,45262.83891930626,sd,jiejiari
5.5,46539.829993343265,sd,jiejiari
6.5,48754.88121898035,sd,jiejiari
7.5,48332.029675951104,sd,jiejiari
8.5,48090.427809419365,sd,jiejiari
9.5,47945.166290227775,sd,jiejiari
10.5,48175.952358783245,sd,jiejiari
11.5,48490.592947589736,sd,jiejiari
12.5,46396.63357174574,sd,jiejiari
13.5,47317.76688159952,sd,jiejiari
14.5,48175.66058171518,sd,jiejiari
15.5,48677.51919401599,sd,jiejiari
16.5,49383.265570821975,sd,jiejiari
17.5,51124.12381956602,sd,jiejiari
18.5,52876.79793235679,sd,jiejiari
19.5,50185.226783827544,sd,jiejiari
20.5,49630.8855697638,sd,jiejiari
21.5,49465.84031528848,sd,jiejiari
22.5,47483.50260324482,sd,jiejiari
23.5,48499.32942613514,sd,jiejiari
0.5,20129.015482738,sh,gongzuori
1.5,19208.334770114365,sh,gongzuori
2.5,18592.31628918947,sh,gongzuori
3.5,18081.887522746427,sh,gongzuori
4.5,17798.349314235675,sh,gongzuori
5.5,18216.268245177347,sh,gongzuori
6.5,18692.069273964848,sh,gongzuori
7.5,21000.037055191828,sh,gongzuori
8.5,24479.509955926977,sh,gongzuori
9.5,26629.00881494984,sh,gongzuori
10.5,27859.947811784492,sh,gongzuori
11.5,27713.93844753269,sh,gongzuori
12.5,27938.763434905857,sh,gongzuori
13.5,28202.567985357608,sh,gongzuori
14.5,27853.995923807153,sh,gongzuori
15.5,27571.760481175625,sh,gongzuori
16.5,27144.301839387103,sh,gongzuori
17.5,25987.24597784975,sh,gongzuori
18.5,24944.438944935053,sh,gongzuori
19.5,25426.213156925794,sh,gongzuori
20.5,25567.977470723683,sh,gongzuori
21.5,25069.37411222168,sh,gongzuori
22.5,23721.731250377034,sh,gongzuori
23.5,21937.797858583912,sh,gongzuori
0.5,10921.041605017686,sh,jiejiari
1.5,10559.867930780281,sh,jiejiari
2.5,10307.026328911608,sh,jiejiari
3.5,10149.46055436626,sh,jiejiari
4.5,10175.049418488166,sh,jiejiari
5.5,10660.44638404353,sh,jiejiari
6.5,10766.422988570674,sh,jiejiari
7.5,11375.713536054174,sh,jiejiari
8.5,12098.583924553132,sh,jiejiari
9.5,12910.079212522201,sh,jiejiari
10.5,13180.908231447116,sh,jiejiari
11.5,13179.962841011775,sh,jiejiari
12.5,12905.873014303046,sh,jiejiari
13.5,13044.755740324234,sh,jiejiari
14.5,12983.515242213707,sh,jiejiari
15.5,13153.492322585123,sh,jiejiari
16.5,13454.672300007336,sh,jiejiari
17.5,13722.062295164622,sh,jiejiari
18.5,14114.650053649873,sh,jiejiari
19.5,13935.681533794403,sh,jiejiari
20.5,13691.008186900313,sh,jiejiari
21.5,13246.52228495333,sh,jiejiari
22.5,12541.319639768131,sh,jiejiari
23.5,11661.621813536325,sh,jiejiari
0.5,17960.519767545593,sn,gongzuori
1.5,17182.07974126825,sn,gongzuori
2.5,16357.299347903885,sn,gongzuori
3.5,15800.446536287624,sn,gongzuori
4.5,15288.475388293922,sn,gongzuori
5.5,15257.902734748228,sn,gongzuori
6.5,15957.528158808751,sn,gongzuori
7.5,16277.00817990104,sn,gongzuori
8.5,17651.17256682238,sn,gongzuori
9.5,19064.625240461228,sn,gongzuori
10.5,20080.35275342888,sn,gongzuori
11.5,21066.21329738889,sn,gongzuori
12.5,21708.56450974662,sn,gongzuori
13.5,21809.29162744237,sn,gongzuori
14.5,21816.27042296342,sn,gongzuori
15.5,21686.20166093404,sn,gongzuori
16.5,21458.729978602918,sn,gongzuori
17.5,21539.9632412858,sn,gongzuori
18.5,20657.69851433681,sn,gongzuori
19.5,20402.285289134245,sn,gongzuori
20.5,21576.831998437734,sn,gongzuori
21.5,21535.472169114062,sn,gongzuori
22.5,20335.342751508408,sn,gongzuori
23.5,19102.210181642655,sn,gongzuori
0.5,11286.5007448389,sn,jiejiari
1.5,10783.158924028481,sn,jiejiari
2.5,10466.248016610563,sn,jiejiari
3.5,10420.444680692515,sn,jiejiari
4.5,10486.59544310216,sn,jiejiari
5.5,10730.201830063219,sn,jiejiari
6.5,11393.644394595447,sn,jiejiari
7.5,12331.12406848766,sn,jiejiari
8.5,12358.426607774802,sn,jiejiari
9.5,12600.802081309499,sn,jiejiari
10.5,12562.20020196288,sn,jiejiari
11.5,12597.277390854879,sn,jiejiari
12.5,12311.07514746086,sn,jiejiari
13.5,12161.694534142936,sn,jiejiari
14.5,12459.490015728908,sn,jiejiari
15.5,12594.485211503828,sn,jiejiari
16.5,12942.899350140975,sn,jiejiari
17.5,13568.337146299404,sn,jiejiari
18.5,13747.10735781561,sn,jiejiari
19.5,14643.18094317863,sn,jiejiari
20.5,14380.188388911436,sn,jiejiari
21.5,13663.47139834052,sn,jiejiari
22.5,12579.185449307763,sn,jiejiari
23.5,12113.01011928493,sn,jiejiari
0.5,23553.022558231896,sx,gongzuori
1.5,23246.92168636705,sx,gongzuori
2.5,22850.208696106394,sx,gongzuori
3.5,22729.320832139987,sx,gongzuori
4.5,22437.141935619846,sx,gongzuori
5.5,22850.586256491246,sx,gongzuori
6.5,23889.331939156225,sx,gongzuori
7.5,24391.827107927205,sx,gongzuori
8.5,23911.77174412021,sx,gongzuori
9.5,24655.83714966378,sx,gongzuori
10.5,25515.73401331362,sx,gongzuori
11.5,27046.22608155354,sx,gongzuori
12.5,26491.494539231033,sx,gongzuori
13.5,25907.78165165808,sx,gongzuori
14.5,26231.819342413924,sx,gongzuori
15.5,26362.128910445845,sx,gongzuori
16.5,26855.688799053427,sx,gongzuori
17.5,27317.155897392466,sx,gongzuori
18.5,26913.28592221075,sx,gongzuori
19.5,27082.63466443399,sx,gongzuori
20.5,27398.86866116314,sx,gongzuori
21.5,26683.763958574073,sx,gongzuori
22.5,25733.741161356786,sx,gongzuori
23.5,24575.97054664454,sx,gongzuori
0.5,21075.415739221793,sx,jiejiari
1.5,20897.968992282265,sx,jiejiari
2.5,20542.202813422333,sx,jiejiari
3.5,20529.46398222812,sx,jiejiari
4.5,20507.921240741205,sx,jiejiari
5.5,20898.332461050897,sx,jiejiari
6.5,21542.3777757776,sx,jiejiari
7.5,22288.142317217455,sx,jiejiari
8.5,21582.941510710854,sx,jiejiari
9.5,21139.938196083913,sx,jiejiari
10.5,21076.599843132928,sx,jiejiari
11.5,21821.39171597652,sx,jiejiari
12.5,21673.38194322274,sx,jiejiari
13.5,21000.183262875078,sx,jiejiari
14.5,21032.19890839218,sx,jiejiari
15.5,21396.82151383541,sx,jiejiari
16.5,22214.679729769625,sx,jiejiari
17.5,23994.213572747387,sx,jiejiari
18.5,25229.49967315938,sx,jiejiari
19.5,24818.77172096893,sx,jiejiari
20.5,24313.166891611916,sx,jiejiari
21.5,23550.370632079743,sx,jiejiari
22.5,22389.868716451638,sx,jiejiari
23.5,21710.068164363453,sx,jiejiari
0.5,8840.671377473655,tj,gongzuori
1.5,8619.552152663575,tj,gongzuori
2.5,8520.402945077325,tj,gongzuori
3.5,8385.510064059083,tj,gongzuori
4.5,8206.645524839905,tj,gongzuori
5.5,8396.586903515086,tj,gongzuori
6.5,8952.2826462588,tj,gongzuori
7.5,9640.89320441953,tj,gongzuori
8.5,10927.407966546947,tj,gongzuori
9.5,11476.613906676894,tj,gongzuori
10.5,11974.480553867785,tj,gongzuori
11.5,12063.715847543437,tj,gongzuori
12.5,11686.065056671583,tj,gongzuori
13.5,11979.413207237558,tj,gongzuori
14.5,12014.373140906811,tj,gongzuori
15.5,12030.441206391204,tj,gongzuori
16.5,12051.595744165768,tj,gongzuori
17.5,11693.40657357693,tj,gongzuori
18.5,11362.125149191123,tj,gongzuori
19.5,11288.107708795973,tj,gongzuori
20.5,11164.892922705287,tj,gongzuori
21.5,10852.399798371747,tj,gongzuori
22.5,10160.892154611784,tj,gongzuori
23.5,9545.042371678459,tj,gongzuori
0.5,8840.195956596775,tj,jiejiari
1.5,8619.820783182322,tj,jiejiari
2.5,8522.860533679775,tj,jiejiari
3.5,8382.52428727307,tj,jiejiari
4.5,8209.600079316018,tj,jiejiari
5.5,8396.591160348278,tj,jiejiari
6.5,8946.100830689498,tj,jiejiari
7.5,9642.560474945349,tj,jiejiari
8.5,10918.074300222217,tj,jiejiari
9.5,11476.608865298651,tj,jiejiari
10.5,11978.724759329063,tj,jiejiari
11.5,12061.069927544577,tj,jiejiari
12.5,11682.928241625073,tj,jiejiari
13.5,11966.661172142494,tj,jiejiari
14.5,12012.71218279943,tj,jiejiari
15.5,12030.205048171905,tj,jiejiari
16.5,12065.16744057505,tj,jiejiari
17.5,11718.320110600373,tj,jiejiari
18.5,11389.868250820457,tj,jiejiari
19.5,11276.766339826418,tj,jiejiari
20.5,11182.060303969212,tj,jiejiari
21.5,10873.402363865156,tj,jiejiari
22.5,10160.855680271185,tj,jiejiari
23.5,9559.561157593138,tj,jiejiari
0.5,26423.428543695,xj,gongzuori
1.5,25847.63813237349,xj,gongzuori
2.5,25236.277019477242,xj,gongzuori
3.5,25193.12699149202,xj,gongzuori
4.5,25098.491090944062,xj,gongzuori
5.5,24954.805301692337,xj,gongzuori
6.5,25053.46621117962,xj,gongzuori
7.5,25284.280521031968,xj,gongzuori
8.5,26198.596338641088,xj,gongzuori
9.5,26422.50791414328,xj,gongzuori
10.5,26900.316429928364,xj,gongzuori
11.5,27275.117642031888,xj,gongzuori
12.5,27464.38977160042,xj,gongzuori
13.5,27172.35828318733,xj,gongzuori
14.5,27223.42504868715,xj,gongzuori
15.5,27106.340554109705,xj,gongzuori
16.5,27353.30540513629,xj,gongzuori
17.5,27464.389771967304,xj,gongzuori
18.5,27651.36144316074,xj,gongzuori
19.5,27651.303145603255,xj,gongzuori
20.5,27589.825563293045,xj,gongzuori
21.5,27660.33509889749,xj,gongzuori
22.5,27928.665496135396,xj,gongzuori
23.5,27535.865022550603,xj,gongzuori
0.5,23611.235037408307,xj,jiejiari
1.5,23056.505245908676,xj,jiejiari
2.5,22758.735292341014,xj,jiejiari
3.5,22842.433713201506,xj,jiejiari
4.5,22585.989347411236,xj,jiejiari
5.5,22597.44515974572,xj,jiejiari
6.5,22830.131844228403,xj,jiejiari
7.5,22927.758636862945,xj,jiejiari
8.5,23208.944633832336,xj,jiejiari
9.5,23612.19615386507,xj,jiejiari
10.5,23981.20580212039,xj,jiejiari
11.5,24214.620883004824,xj,jiejiari
12.5,24536.12520071887,xj,jiejiari
13.5,24013.60885130469,xj,jiejiari
14.5,23698.918767215728,xj,jiejiari
15.5,23872.640555500428,xj,jiejiari
16.5,24095.661442093042,xj,jiejiari
17.5,24092.6348554435,xj,jiejiari
18.5,24300.108005869362,xj,jiejiari
19.5,24603.555158833027,xj,jiejiari
20.5,24819.559584235707,xj,jiejiari
21.5,24559.71215270896,xj,jiejiari
22.5,24423.958706961,xj,jiejiari
23.5,24052.91508806322,xj,jiejiari
0.5,560.0925625129569,xz,gongzuori
1.5,533.6431937134198,xz,gongzuori
2.5,510.96360026994256,xz,gongzuori
3.5,494.6260971363451,xz,gongzuori
4.5,487.1091846259489,xz,gongzuori
5.5,482.0476576613065,xz,gongzuori
6.5,501.9284937546976,xz,gongzuori
7.5,581.4126003726913,xz,gongzuori
8.5,639.2081375124769,xz,gongzuori
9.5,683.3696858197471,xz,gongzuori
10.5,721.7717965288887,xz,gongzuori
11.5,723.1694524998705,xz,gongzuori
12.5,679.2717325776968,xz,gongzuori
13.5,639.3432133841836,xz,gongzuori
14.5,648.2124919251422,xz,gongzuori
15.5,663.7485710380856,xz,gongzuori
16.5,671.2352425830038,xz,gongzuori
17.5,691.0067169249851,xz,gongzuori
18.5,672.0632130515186,xz,gongzuori
19.5,669.6264943609098,xz,gongzuori
20.5,708.3865678738134,xz,gongzuori
21.5,761.4499831829203,xz,gongzuori
22.5,716.145277398173,xz,gongzuori
23.5,634.6761734862466,xz,gongzuori
0.5,552.3398988498187,xz,jiejiari
1.5,524.8978482512741,xz,jiejiari
2.5,509.9145920944201,xz,jiejiari
3.5,492.83593755560986,xz,jiejiari
4.5,480.3767486216492,xz,jiejiari
5.5,488.26539974116366,xz,jiejiari
6.5,504.95712924213893,xz,jiejiari
7.5,564.0866984942826,xz,jiejiari
8.5,617.6739477178464,xz,jiejiari
9.5,650.1442015832861,xz,jiejiari
10.5,659.2827088080718,xz,jiejiari
11.5,668.5542822853486,xz,jiejiari
12.5,625.1793477269363,xz,jiejiari
13.5,606.1919891611108,xz,jiejiari
14.5,619.4258248198507,xz,jiejiari
15.5,613.7264504678054,xz,jiejiari
16.5,615.9210626035665,xz,jiejiari
17.5,639.9909092600499,xz,jiejiari
18.5,648.8401778724715,xz,jiejiari
19.5,671.9798320899727,xz,jiejiari
20.5,738.962160948754,xz,jiejiari
21.5,719.7784613343607,xz,jiejiari
22.5,671.6564314288094,xz,jiejiari
23.5,603.3516165251872,xz,jiejiari
0.5,13776.887896575814,yn,gongzuori
1.5,13420.1851157673,yn,gongzuori
2.5,12990.640180557086,yn,gongzuori
3.5,12877.180497574922,yn,gongzuori
4.5,12794.81702170368,yn,gongzuori
5.5,12770.616594487226,yn,gongzuori
6.5,13609.96920680613,yn,gongzuori
7.5,14917.88146833219,yn,gongzuori
8.5,16457.834639583,yn,gongzuori
9.5,17527.185771336535,yn,gongzuori
10.5,18180.75509493245,yn,gongzuori
11.5,18348.9775557411,yn,gongzuori
12.5,16519.14429138598,yn,gongzuori
13.5,16047.894518271716,yn,gongzuori
14.5,15956.205108732747,yn,gongzuori
15.5,16689.66180763173,yn,gongzuori
16.5,17242.56875744522,yn,gongzuori
17.5,18330.82768643305,yn,gongzuori
18.5,17876.595276672066,yn,gongzuori
19.5,17204.653413463515,yn,gongzuori
20.5,17812.335213362017,yn,gongzuori
21.5,17252.30989189384,yn,gongzuori
22.5,16091.99784757397,yn,gongzuori
23.5,15040.213533409496,yn,gongzuori
0.5,13995.56187962861,yn,jiejiari
1.5,13280.331639979613,yn,jiejiari
2.5,12894.23558893229,yn,jiejiari
3.5,12731.733476081752,yn,jiejiari
4.5,12616.708175485568,yn,jiejiari
5.5,12709.10966854812,yn,jiejiari
6.5,13225.998841688788,yn,jiejiari
7.5,14282.78178902753,yn,jiejiari
8.5,15793.973876571357,yn,jiejiari
9.5,16873.11572984431,yn,jiejiari
10.5,17568.54254378904,yn,jiejiari
11.5,17533.776273373103,yn,jiejiari
12.5,16114.938949457872,yn,jiejiari
13.5,15478.02693741299,yn,jiejiari
14.5,15470.281017734384,yn,jiejiari
15.5,15671.810215582756,yn,jiejiari
16.5,16560.52641232038,yn,jiejiari
17.5,17962.63949660123,yn,jiejiari
18.5,17621.886541417363,yn,jiejiari
19.5,17337.166157461117,yn,jiejiari
20.5,16884.64468661319,yn,jiejiari
21.5,16419.093906115533,yn,jiejiari
22.5,15341.429407498268,yn,jiejiari
23.5,14281.338185560184,yn,jiejiari
0.5,55934.27447154771,zj,gongzuori
1.5,53760.97881056705,zj,gongzuori
2.5,51899.44964389325,zj,gongzuori
3.5,50296.89080168309,zj,gongzuori
4.5,49400.39051630587,zj,gongzuori
5.5,49778.77751572362,zj,gongzuori
6.5,51901.19133755518,zj,gongzuori
7.5,59540.47889731559,zj,gongzuori
8.5,67002.6021520071,zj,gongzuori
9.5,71315.32078652219,zj,gongzuori
10.5,73559.53197678996,zj,gongzuori
11.5,68302.1586806122,zj,gongzuori
12.5,70609.22526284825,zj,gongzuori
13.5,73942.94140320332,zj,gongzuori
14.5,74062.7571910208,zj,gongzuori
15.5,74062.75205329852,zj,gongzuori
16.5,73029.21517648651,zj,gongzuori
17.5,66302.96567918218,zj,gongzuori
18.5,63241.951342730965,zj,gongzuori
19.5,64375.42013058376,zj,gongzuori
20.5,65622.96523781626,zj,gongzuori
21.5,65589.48476382783,zj,gongzuori
22.5,64768.14155991775,zj,gongzuori
23.5,60346.87527875238,zj,gongzuori
0.5,28534.62496959113,zj,jiejiari
1.5,27672.88527174405,zj,jiejiari
2.5,26881.87163474964,zj,jiejiari
3.5,26629.07553363743,zj,jiejiari
4.5,26717.48684187802,zj,jiejiari
5.5,27735.111366478763,zj,jiejiari
6.5,30285.358075456134,zj,jiejiari
7.5,32880.95407651924,zj,jiejiari
8.5,34397.34318717388,zj,jiejiari
9.5,35797.87152246625,zj,jiejiari
10.5,36947.70048231586,zj,jiejiari
11.5,34402.623490527505,zj,jiejiari
12.5,34308.25744614021,zj,jiejiari
13.5,35203.55958284391,zj,jiejiari
14.5,35519.855182957894,zj,jiejiari
15.5,36250.44084415439,zj,jiejiari
16.5,37734.97799046463,zj,jiejiari
17.5,36877.94386663634,zj,jiejiari
18.5,37707.31486386253,zj,jiejiari
19.5,36746.93560855691,zj,jiejiari
20.5,36249.74929357832,zj,jiejiari
21.5,35965.485111106,zj,jiejiari
22.5,35331.108266478914,zj,jiejiari
23.5,32960.64069741076,zj,jiejiari
