x,variable,value,p,d
0.5,zg,30581.529457216846,ah,quannianri
1.5,zg,30874.935473926133,ah,quannianri
2.5,zg,28074.04989097496,ah,quannianri
3.5,zg,22129.311863573166,ah,quannianri
4.5,zg,22378.88849878479,ah,quannianri
5.5,zg,21722.519995520644,ah,quannianri
6.5,zg,22407.722621999517,ah,quannianri
7.5,zg,22100.374795403503,ah,quannianri
8.5,zg,21850.187817982507,ah,quannianri
9.5,zg,21926.23967849322,ah,quannianri
10.5,zg,23366.856944973795,ah,quannianri
11.5,zg,27754.94420252951,ah,quannianri
12.5,zg,28931.87552257462,ah,quannianri
13.5,zg,36604.70090149672,ah,quannianri
14.5,zg,38555.859434881146,ah,quannianri
15.5,zg,26439.792874260795,ah,quannianri
16.5,zg,24081.57847866177,ah,quannianri
17.5,zg,21935.12891007471,ah,quannianri
18.5,zg,23442.131414806252,ah,quannianri
19.5,zg,23371.352997323764,ah,quannianri
20.5,zg,23901.446855744645,ah,quannianri
21.5,zg,24778.65367466405,ah,quannianri
22.5,zg,30944.177476610672,ah,quannianri
23.5,zg,27600.374951271413,ah,quannianri
0.5,zd,20841.836345548614,ah,quannianri
1.5,zd,20970.78099437671,ah,quannianri
2.5,zd,18715.849215438076,ah,quannianri
3.5,zd,14310.537192507545,ah,quannianri
4.5,zd,17174.033691473793,ah,quannianri
5.5,zd,17153.01528706846,ah,quannianri
6.5,zd,17412.034001386368,ah,quannianri
7.5,zd,17637.78448287013,ah,quannianri
8.5,zd,17522.01252115474,ah,quannianri
9.5,zd,17756.601033314782,ah,quannianri
10.5,zd,19043.86155653428,ah,quannianri
11.5,zd,20694.68829244045,ah,quannianri
12.5,zd,21357.37889592649,ah,quannianri
13.5,zd,26815.622357842294,ah,quannianri
14.5,zd,27314.614885701496,ah,quannianri
15.5,zd,21047.595947246013,ah,quannianri
16.5,zd,19517.141856959686,ah,quannianri
17.5,zd,17870.48252628605,ah,quannianri
18.5,zd,18621.121081096167,ah,quannianri
19.5,zd,18437.253308296138,ah,quannianri
20.5,zd,18152.75706136762,ah,quannianri
21.5,zd,19370.00553048097,ah,quannianri
22.5,zd,21203.391800552166,ah,quannianri
23.5,zd,20165.28902039083,ah,quannianri
0.5,zg,18330.657097759628,bj,quannianri
1.5,zg,19303.941189903082,bj,quannianri
2.5,zg,17399.962270624015,bj,quannianri
3.5,zg,14349.73777551069,bj,quannianri
4.5,zg,15169.824487403544,bj,quannianri
5.5,zg,11889.771580302546,bj,quannianri
6.5,zg,12418.393579966893,bj,quannianri
7.5,zg,11708.944431908098,bj,quannianri
8.5,zg,12205.415820039412,bj,quannianri
9.5,zg,13396.141359415455,bj,quannianri
10.5,zg,13356.766978706326,bj,quannianri
11.5,zg,18155.670810835265,bj,quannianri
12.5,zg,16284.817099450904,bj,quannianri
13.5,zg,18945.584500984667,bj,quannianri
14.5,zg,19119.969233536536,bj,quannianri
15.5,zg,16293.983860123019,bj,quannianri
16.5,zg,13155.934131012165,bj,quannianri
17.5,zg,11454.914697526914,bj,quannianri
18.5,zg,11967.221021080697,bj,quannianri
19.5,zg,12819.170491104307,bj,quannianri
20.5,zg,15100.237106472598,bj,quannianri
21.5,zg,16127.652675698224,bj,quannianri
22.5,zg,19796.078907796888,bj,quannianri
23.5,zg,19136.32178124882,bj,quannianri
0.5,zd,13021.594654751929,bj,quannianri
1.5,zd,14135.904601540467,bj,quannianri
2.5,zd,13623.786751546326,bj,quannianri
3.5,zd,10691.92497173978,bj,quannianri
4.5,zd,11131.009075950562,bj,quannianri
5.5,zd,7915.200757549643,bj,quannianri
6.5,zd,7763.553183303694,bj,quannianri
7.5,zd,7014.950720151536,bj,quannianri
8.5,zd,7209.184109802146,bj,quannianri
9.5,zd,7826.6110839972625,bj,quannianri
10.5,zd,8216.903281090552,bj,quannianri
11.5,zd,9892.78599159646,bj,quannianri
12.5,zd,9497.824435250288,bj,quannianri
13.5,zd,10409.944331364964,bj,quannianri
14.5,zd,10766.065512539371,bj,quannianri
15.5,zd,9389.151380007292,bj,quannianri
16.5,zd,7842.8879026017985,bj,quannianri
17.5,zd,6657.203931311485,bj,quannianri
18.5,zd,6955.405545114056,bj,quannianri
19.5,zd,7290.598219924232,bj,quannianri
20.5,zd,9638.031297187177,bj,quannianri
21.5,zd,11103.278025955475,bj,quannianri
22.5,zd,14109.917841942088,bj,quannianri
23.5,zd,13423.0909036074,bj,quannianri
0.5,zg,14125.231312823335,cq,quannianri
1.5,zg,14005.721335284965,cq,quannianri
2.5,zg,13447.472355876593,cq,quannianri
3.5,zg,10747.237456910058,cq,quannianri
4.5,zg,10569.379896888673,cq,quannianri
5.5,zg,10414.010289224092,cq,quannianri
6.5,zg,10812.11294522154,cq,quannianri
7.5,zg,10650.700254383853,cq,quannianri
8.5,zg,10711.49010066421,cq,quannianri
9.5,zg,10299.553710956996,cq,quannianri
10.5,zg,11470.602519563383,cq,quannianri
11.5,zg,13514.237611451354,cq,quannianri
12.5,zg,15726.099717034007,cq,quannianri
13.5,zg,18911.666502467204,cq,quannianri
14.5,zg,15674.107458631444,cq,quannianri
15.5,zg,15557.839428871663,cq,quannianri
16.5,zg,11347.722180653322,cq,quannianri
17.5,zg,9982.604604958226,cq,quannianri
18.5,zg,11027.780398634843,cq,quannianri
19.5,zg,10937.221453329534,cq,quannianri
20.5,zg,11246.224293495456,cq,quannianri
21.5,zg,11854.483773192014,cq,quannianri
22.5,zg,13557.654466314989,cq,quannianri
23.5,zg,13781.904660874354,cq,quannianri
0.5,zd,7698.997593677408,cq,quannianri
1.5,zd,7724.533871399361,cq,quannianri
2.5,zd,7710.3951924763405,cq,quannianri
3.5,zd,5664.914351161028,cq,quannianri
4.5,zd,6448.242630272087,cq,quannianri
5.5,zd,6479.667654330447,cq,quannianri
6.5,zd,6571.773916137492,cq,quannianri
7.5,zd,6693.623720587863,cq,quannianri
8.5,zd,6591.7460478501935,cq,quannianri
9.5,zd,6565.086438902601,cq,quannianri
10.5,zd,7223.03063999133,cq,quannianri
11.5,zd,7627.992464970581,cq,quannianri
12.5,zd,8646.46902107763,cq,quannianri
13.5,zd,12392.376056559062,cq,quannianri
14.5,zd,9027.797688590548,cq,quannianri
15.5,zd,9560.662056390014,cq,quannianri
16.5,zd,7381.820442945039,cq,quannianri
17.5,zd,6634.001670583597,cq,quannianri
18.5,zd,6864.394737710535,cq,quannianri
19.5,zd,6534.02047076158,cq,quannianri
20.5,zd,6785.131892741661,cq,quannianri
21.5,zd,7209.139066682458,cq,quannianri
22.5,zd,7546.018590083335,cq,quannianri
23.5,zd,7760.790714513329,cq,quannianri
0.5,zg,28540.408422018932,fj,quannianri
1.5,zg,28879.688283281615,fj,quannianri
2.5,zg,26504.752613282457,fj,quannianri
3.5,zg,22135.197993321937,fj,quannianri
4.5,zg,28273.35364313771,fj,quannianri
5.5,zg,27946.956857496905,fj,quannianri
6.5,zg,28479.043251176066,fj,quannianri
7.5,zg,28737.34364991881,fj,quannianri
8.5,zg,28885.76008311504,fj,quannianri
9.5,zg,32105.669983024756,fj,quannianri
10.5,zg,29637.404511179895,fj,quannianri
11.5,zg,31178.093637612048,fj,quannianri
12.5,zg,31453.66614277567,fj,quannianri
13.5,zg,35349.400117017554,fj,quannianri
14.5,zg,35718.22159109324,fj,quannianri
15.5,zg,33700.96207374773,fj,quannianri
16.5,zg,29814.733656238335,fj,quannianri
17.5,zg,28195.761163266146,fj,quannianri
18.5,zg,29249.48474223969,fj,quannianri
19.5,zg,29044.317834033034,fj,quannianri
20.5,zg,29425.18443987617,fj,quannianri
21.5,zg,28761.107761165767,fj,quannianri
22.5,zg,28171.52120084484,fj,quannianri
23.5,zg,29283.739817751495,fj,quannianri
0.5,zd,17887.72169792848,fj,quannianri
1.5,zd,18583.229837907755,fj,quannianri
2.5,zd,16881.78862537918,fj,quannianri
3.5,zd,13108.089744215798,fj,quannianri
4.5,zd,18630.417620838023,fj,quannianri
5.5,zd,19397.24418982658,fj,quannianri
6.5,zd,19319.508104862663,fj,quannianri
7.5,zd,19656.026852333245,fj,quannianri
8.5,zd,20323.93195411258,fj,quannianri
9.5,zd,22930.675693274086,fj,quannianri
10.5,zd,21249.186006797026,fj,quannianri
11.5,zd,21663.682893574336,fj,quannianri
12.5,zd,23297.086809374905,fj,quannianri
13.5,zd,25362.315170062055,fj,quannianri
14.5,zd,25923.653054602477,fj,quannianri
15.5,zd,24246.527783774927,fj,quannianri
16.5,zd,21949.403516595066,fj,quannianri
17.5,zd,21506.14991227064,fj,quannianri
18.5,zd,20630.442887129153,fj,quannianri
19.5,zd,20226.197433120135,fj,quannianri
20.5,zd,20454.97855980738,fj,quannianri
21.5,zd,19451.042676805293,fj,quannianri
22.5,zd,18939.305504724365,fj,quannianri
23.5,zd,19073.901058436877,fj,quannianri
0.5,zg,78870.10208094044,gd,quannianri
1.5,zg,76773.66271461618,gd,quannianri
2.5,zg,58085.76780898682,gd,quannianri
3.5,zg,45443.641605922334,gd,quannianri
4.5,zg,68473.77100678493,gd,quannianri
5.5,zg,73137.04979620509,gd,quannianri
6.5,zg,79322.50281589017,gd,quannianri
7.5,zg,84176.54727647916,gd,quannianri
8.5,zg,84861.99311894523,gd,quannianri
9.5,zg,103050.1148812924,gd,quannianri
10.5,zg,86915.27979288694,gd,quannianri
11.5,zg,91475.40578000365,gd,quannianri
12.5,zg,102158.42079270216,gd,quannianri
13.5,zg,103141.70364525552,gd,quannianri
14.5,zg,104834.95729650503,gd,quannianri
15.5,zg,97658.06502263868,gd,quannianri
16.5,zg,87589.42644315126,gd,quannianri
17.5,zg,83704.81810791527,gd,quannianri
18.5,zg,90176.82914078898,gd,quannianri
19.5,zg,86278.47128074177,gd,quannianri
20.5,zg,83896.03897294901,gd,quannianri
21.5,zg,76966.36381947578,gd,quannianri
22.5,zg,78847.64185557078,gd,quannianri
23.5,zg,80363.29523989618,gd,quannianri
0.5,zd,47618.32951770267,gd,quannianri
1.5,zd,47236.480803339546,gd,quannianri
2.5,zd,36865.34593152119,gd,quannianri
3.5,zd,25801.678046894354,gd,quannianri
4.5,zd,45117.64838988777,gd,quannianri
5.5,zd,47615.246586526024,gd,quannianri
6.5,zd,50240.57256025012,gd,quannianri
7.5,zd,54499.130344416764,gd,quannianri
8.5,zd,56143.91970400571,gd,quannianri
9.5,zd,74724.49663382949,gd,quannianri
10.5,zd,58049.02719016873,gd,quannianri
11.5,zd,63049.96871459216,gd,quannianri
12.5,zd,68148.88608249433,gd,quannianri
13.5,zd,68392.56416985176,gd,quannianri
14.5,zd,74594.88032170883,gd,quannianri
15.5,zd,69604.33216730706,gd,quannianri
16.5,zd,62024.1752157691,gd,quannianri
17.5,zd,58032.59882518821,gd,quannianri
18.5,zd,58139.737951984134,gd,quannianri
19.5,zd,56020.76045120069,gd,quannianri
20.5,zd,54922.58726218094,gd,quannianri
21.5,zd,52075.462007758826,gd,quannianri
22.5,zd,49951.69721320353,gd,quannianri
23.5,zd,51162.73960023384,gd,quannianri
0.5,zg,13781.428986694647,gs,quannianri
1.5,zg,13292.26027805286,gs,quannianri
2.5,zg,13119.71123825284,gs,quannianri
3.5,zg,12301.270476209047,gs,quannianri
4.5,zg,12386.150148847613,gs,quannianri
5.5,zg,12259.388005322513,gs,quannianri
6.5,zg,12108.571291610753,gs,quannianri
7.5,zg,12315.519525288366,gs,quannianri
8.5,zg,12512.739304743527,gs,quannianri
9.5,zg,12337.391998343644,gs,quannianri
10.5,zg,13188.444992173625,gs,quannianri
11.5,zg,13581.450877023586,gs,quannianri
12.5,zg,13385.359363238873,gs,quannianri
13.5,zg,13067.788112602952,gs,quannianri
14.5,zg,13140.833686761433,gs,quannianri
15.5,zg,12946.0601834371,gs,quannianri
16.5,zg,12314.379521129957,gs,quannianri
17.5,zg,12358.437257353622,gs,quannianri
18.5,zg,12968.365590346986,gs,quannianri
19.5,zg,14092.339459469818,gs,quannianri
20.5,zg,14609.262831231574,gs,quannianri
21.5,zg,14371.165871541029,gs,quannianri
22.5,zg,15020.576199794103,gs,quannianri
23.5,zg,14169.677781962298,gs,quannianri
0.5,zd,11359.66247954205,gs,quannianri
1.5,zd,10885.713591311856,gs,quannianri
2.5,zd,11029.475737623641,gs,quannianri
3.5,zd,10260.53515700291,gs,quannianri
4.5,zd,10544.566814807815,gs,quannianri
5.5,zd,10437.148127321721,gs,quannianri
6.5,zd,10164.485139891693,gs,quannianri
7.5,zd,10301.37725116793,gs,quannianri
8.5,zd,10486.88979831166,gs,quannianri
9.5,zd,10479.224268695349,gs,quannianri
10.5,zd,11164.547560018473,gs,quannianri
11.5,zd,11190.030131396925,gs,quannianri
12.5,zd,10994.387123018512,gs,quannianri
13.5,zd,10681.450169007692,gs,quannianri
14.5,zd,10505.248657892855,gs,quannianri
15.5,zd,10674.282091639669,gs,quannianri
16.5,zd,10355.45495887115,gs,quannianri
17.5,zd,10314.306539021505,gs,quannianri
18.5,zd,10620.091084770915,gs,quannianri
19.5,zd,11368.654914531624,gs,quannianri
20.5,zd,11996.63997225306,gs,quannianri
21.5,zd,12210.8029000157,gs,quannianri
22.5,zd,12016.78615635309,gs,quannianri
23.5,zd,11529.773774245123,gs,quannianri
0.5,zg,20410.660614892255,gx,quannianri
1.5,zg,18525.72435651657,gx,quannianri
2.5,zg,19161.83617509459,gx,quannianri
3.5,zg,16223.404419039596,gx,quannianri
4.5,zg,17291.93223502835,gx,quannianri
5.5,zg,16792.271028757405,gx,quannianri
6.5,zg,16820.631612536898,gx,quannianri
7.5,zg,16815.88532317379,gx,quannianri
8.5,zg,16108.88870959225,gx,quannianri
9.5,zg,19303.59902212836,gx,quannianri
10.5,zg,18336.104324421012,gx,quannianri
11.5,zg,16553.22664592896,gx,quannianri
12.5,zg,18785.569940641064,gx,quannianri
13.5,zg,17823.35315084629,gx,quannianri
14.5,zg,19650.61732704078,gx,quannianri
15.5,zg,18741.68313183585,gx,quannianri
16.5,zg,17894.35192850928,gx,quannianri
17.5,zg,17826.387260438623,gx,quannianri
18.5,zg,18465.144517500303,gx,quannianri
19.5,zg,17563.906385458205,gx,quannianri
20.5,zg,19207.744588779817,gx,quannianri
21.5,zg,19502.44929540102,gx,quannianri
22.5,zg,22089.71780644189,gx,quannianri
23.5,zg,20647.522278960045,gx,quannianri
0.5,zd,10844.293151228612,gx,quannianri
1.5,zd,10567.008152359822,gx,quannianri
2.5,zd,10674.008724459845,gx,quannianri
3.5,zd,8469.33213331515,gx,quannianri
4.5,zd,10149.977127669867,gx,quannianri
5.5,zd,9936.491044855497,gx,quannianri
6.5,zd,9862.22487255359,gx,quannianri
7.5,zd,10513.912020650836,gx,quannianri
8.5,zd,9971.526671000864,gx,quannianri
9.5,zd,13974.47097674509,gx,quannianri
10.5,zd,12304.605861933434,gx,quannianri
11.5,zd,11488.699370757426,gx,quannianri
12.5,zd,12307.703072625638,gx,quannianri
13.5,zd,12442.062247910175,gx,quannianri
14.5,zd,13353.304021824482,gx,quannianri
15.5,zd,13555.299691521237,gx,quannianri
16.5,zd,11642.777276516059,gx,quannianri
17.5,zd,12556.797520211489,gx,quannianri
18.5,zd,11785.839977407612,gx,quannianri
19.5,zd,10551.97358325222,gx,quannianri
20.5,zd,11758.935756147386,gx,quannianri
21.5,zd,11690.223495427263,gx,quannianri
22.5,zd,12262.62313713214,gx,quannianri
23.5,zd,11956.377802414581,gx,quannianri
0.5,zg,20845.336598918402,gz,quannianri
1.5,zg,18674.802056256176,gz,quannianri
2.5,zg,18589.021875249367,gz,quannianri
3.5,zg,15793.435053004494,gz,quannianri
4.5,zg,16579.15757575106,gz,quannianri
5.5,zg,17135.483240467445,gz,quannianri
6.5,zg,15803.470244476614,gz,quannianri
7.5,zg,15796.39795924353,gz,quannianri
8.5,zg,14660.12570692294,gz,quannianri
9.5,zg,14827.769639704904,gz,quannianri
10.5,zg,14523.636726161882,gz,quannianri
11.5,zg,14118.066398215948,gz,quannianri
12.5,zg,14571.721504424264,gz,quannianri
13.5,zg,16642.468756948783,gz,quannianri
14.5,zg,15665.21212754731,gz,quannianri
15.5,zg,15900.1353052824,gz,quannianri
16.5,zg,16004.057819427957,gz,quannianri
17.5,zg,14547.104240050978,gz,quannianri
18.5,zg,16852.07442297586,gz,quannianri
19.5,zg,17878.10966803455,gz,quannianri
20.5,zg,19044.914688239045,gz,quannianri
21.5,zg,19998.158136059497,gz,quannianri
22.5,zg,22946.458965102982,gz,quannianri
23.5,zg,21742.83992737481,gz,quannianri
0.5,zd,11962.922037203953,gz,quannianri
1.5,zd,10736.137619343159,gz,quannianri
2.5,zd,10429.385538060282,gz,quannianri
3.5,zd,8484.70552802006,gz,quannianri
4.5,zd,9632.372548699912,gz,quannianri
5.5,zd,10079.313638157737,gz,quannianri
6.5,zd,9351.30836780989,gz,quannianri
7.5,zd,9449.144324306699,gz,quannianri
8.5,zd,8617.066748537169,gz,quannianri
9.5,zd,8977.355170005312,gz,quannianri
10.5,zd,8758.414340021916,gz,quannianri
11.5,zd,8449.500740289992,gz,quannianri
12.5,zd,8347.073032991599,gz,quannianri
13.5,zd,10621.112755959193,gz,quannianri
14.5,zd,9648.311960678448,gz,quannianri
15.5,zd,10079.982257057447,gz,quannianri
16.5,zd,9705.738062037728,gz,quannianri
17.5,zd,8934.96270627054,gz,quannianri
18.5,zd,9779.286357104515,gz,quannianri
19.5,zd,10264.132759281349,gz,quannianri
20.5,zd,10999.795234976002,gz,quannianri
21.5,zd,11433.08426382099,gz,quannianri
22.5,zd,12313.161901775815,gz,quannianri
23.5,zd,12135.151195671118,gz,quannianri
0.5,zg,48617.16043023051,ha,quannianri
1.5,zg,51398.74282192972,ha,quannianri
2.5,zg,44564.33811121669,ha,quannianri
3.5,zg,38403.22836452817,ha,quannianri
4.5,zg,38070.29628031971,ha,quannianri
5.5,zg,36038.65910305679,ha,quannianri
6.5,zg,37253.827840575424,ha,quannianri
7.5,zg,36797.16178097404,ha,quannianri
8.5,zg,37594.239705375694,ha,quannianri
9.5,zg,36593.64030127014,ha,quannianri
10.5,zg,39798.61421333811,ha,quannianri
11.5,zg,47025.51347788129,ha,quannianri
12.5,zg,43023.50982456585,ha,quannianri
13.5,zg,65066.1713725771,ha,quannianri
14.5,zg,63603.09003995885,ha,quannianri
15.5,zg,45226.79063829869,ha,quannianri
16.5,zg,39963.90431961122,ha,quannianri
17.5,zg,36816.1295750479,ha,quannianri
18.5,zg,38117.78832289917,ha,quannianri
19.5,zg,39642.18018472603,ha,quannianri
20.5,zg,40809.406403255205,ha,quannianri
21.5,zg,40904.017312347656,ha,quannianri
22.5,zg,51532.46788078466,ha,quannianri
23.5,zg,45511.959285937075,ha,quannianri
0.5,zd,33116.715181431566,ha,quannianri
1.5,zd,34406.17572135618,ha,quannianri
2.5,zd,31694.586643592407,ha,quannianri
3.5,zd,26154.643104546936,ha,quannianri
4.5,zd,29574.967590427746,ha,quannianri
5.5,zd,28901.63375400018,ha,quannianri
6.5,zd,30510.2519736261,ha,quannianri
7.5,zd,30430.993434907672,ha,quannianri
8.5,zd,31112.407320871283,ha,quannianri
9.5,zd,30300.74120516229,ha,quannianri
10.5,zd,30479.023951294414,ha,quannianri
11.5,zd,36459.26556167054,ha,quannianri
12.5,zd,34840.94975201733,ha,quannianri
13.5,zd,47171.38008014312,ha,quannianri
14.5,zd,45435.10706170892,ha,quannianri
15.5,zd,35935.87917404412,ha,quannianri
16.5,zd,32538.901144622334,ha,quannianri
17.5,zd,29728.284791834838,ha,quannianri
18.5,zd,30429.311523187767,ha,quannianri
19.5,zd,30342.14270437833,ha,quannianri
20.5,zd,31748.592557406242,ha,quannianri
21.5,zd,30888.75276965462,ha,quannianri
22.5,zd,35149.28432306503,ha,quannianri
23.5,zd,31401.400237501668,ha,quannianri
0.5,zg,28637.381106288252,hb,quannianri
1.5,zg,29692.250657243792,hb,quannianri
2.5,zg,26618.881101916224,hb,quannianri
3.5,zg,21942.684653090786,hb,quannianri
4.5,zg,21689.868626507447,hb,quannianri
5.5,zg,21024.841026109756,hb,quannianri
6.5,zg,21329.97747589052,hb,quannianri
7.5,zg,20688.958861994724,hb,quannianri
8.5,zg,21084.097171536963,hb,quannianri
9.5,zg,22187.286675207713,hb,quannianri
10.5,zg,23429.888259212756,hb,quannianri
11.5,zg,27508.440074318554,hb,quannianri
12.5,zg,28773.08648164028,hb,quannianri
13.5,zg,36801.637571559906,hb,quannianri
14.5,zg,35446.37668126687,hb,quannianri
15.5,zg,27830.644828177017,hb,quannianri
16.5,zg,23572.40635603072,hb,quannianri
17.5,zg,22330.833279470025,hb,quannianri
18.5,zg,22785.592458604566,hb,quannianri
19.5,zg,22857.3335720353,hb,quannianri
20.5,zg,24205.835865928653,hb,quannianri
21.5,zg,24054.021001956273,hb,quannianri
22.5,zg,29694.324831174712,hb,quannianri
23.5,zg,27166.259647335668,hb,quannianri
0.5,zd,19003.666457118816,hb,quannianri
1.5,zd,19062.400414561907,hb,quannianri
2.5,zd,16798.732122271984,hb,quannianri
3.5,zd,13516.584352196014,hb,quannianri
4.5,zd,15632.964138978905,hb,quannianri
5.5,zd,15422.006141528716,hb,quannianri
6.5,zd,15973.662496525105,hb,quannianri
7.5,zd,15682.359216891782,hb,quannianri
8.5,zd,16518.253948049514,hb,quannianri
9.5,zd,17306.633356423466,hb,quannianri
10.5,zd,17974.026775460523,hb,quannianri
11.5,zd,19392.378871539204,hb,quannianri
12.5,zd,20664.469490669413,hb,quannianri
13.5,zd,27086.058812113966,hb,quannianri
14.5,zd,26157.709897674962,hb,quannianri
15.5,zd,21348.55891437931,hb,quannianri
16.5,zd,18767.412552331094,hb,quannianri
17.5,zd,18024.83658783741,hb,quannianri
18.5,zd,17452.190034412157,hb,quannianri
19.5,zd,17475.93886845411,hb,quannianri
20.5,zd,17232.597309222572,hb,quannianri
21.5,zd,17242.42206219361,hb,quannianri
22.5,zd,19755.985689565274,hb,quannianri
23.5,zd,18768.370195875123,hb,quannianri
0.5,zg,30031.06033762037,he,quannianri
1.5,zg,30739.987333276233,he,quannianri
2.5,zg,26108.44694757035,he,quannianri
3.5,zg,23019.31640183987,he,quannianri
4.5,zg,25720.77965954282,he,quannianri
5.5,zg,25268.530710916704,he,quannianri
6.5,zg,26432.922547366634,he,quannianri
7.5,zg,23652.10198134916,he,quannianri
8.5,zg,26742.745587176512,he,quannianri
9.5,zg,24167.47995448954,he,quannianri
10.5,zg,24952.615923206868,he,quannianri
11.5,zg,30359.60861071447,he,quannianri
12.5,zg,27502.90022562089,he,quannianri
13.5,zg,34819.02019630682,he,quannianri
14.5,zg,33119.71777923313,he,quannianri
15.5,zg,27899.603692746983,he,quannianri
16.5,zg,25898.772767144827,he,quannianri
17.5,zg,23013.829500938224,he,quannianri
18.5,zg,26303.531095854356,he,quannianri
19.5,zg,26342.97050151642,he,quannianri
20.5,zg,27786.154531079195,he,quannianri
21.5,zg,29486.33018234328,he,quannianri
22.5,zg,33076.83607380283,he,quannianri
23.5,zg,30972.584604560376,he,quannianri
0.5,zd,20982.53192517367,he,quannianri
1.5,zd,21556.075990959678,he,quannianri
2.5,zd,18423.918764124846,he,quannianri
3.5,zd,15234.53869648538,he,quannianri
4.5,zd,17866.574313008823,he,quannianri
5.5,zd,16303.863063012608,he,quannianri
6.5,zd,18491.55921136938,he,quannianri
7.5,zd,18139.30733693872,he,quannianri
8.5,zd,18500.07044518864,he,quannianri
9.5,zd,18223.159821720074,he,quannianri
10.5,zd,17969.45248009865,he,quannianri
11.5,zd,21137.994632113907,he,quannianri
12.5,zd,19828.897369542054,he,quannianri
13.5,zd,22982.59628000921,he,quannianri
14.5,zd,22940.234053741846,he,quannianri
15.5,zd,19757.17284764666,he,quannianri
16.5,zd,18821.53388294261,he,quannianri
17.5,zd,17231.930424577313,he,quannianri
18.5,zd,17662.07472920432,he,quannianri
19.5,zd,18198.209276178717,he,quannianri
20.5,zd,19267.976875125267,he,quannianri
21.5,zd,20207.78414290638,he,quannianri
22.5,zd,23183.387432111587,he,quannianri
23.5,zd,21696.958505311624,he,quannianri
0.5,zg,3861.4975693207734,hi,quannianri
1.5,zg,3862.0710682743584,hi,quannianri
2.5,zg,3938.4741278861165,hi,quannianri
3.5,zg,3547.037520179983,hi,quannianri
4.5,zg,3638.119448878932,hi,quannianri
5.5,zg,3721.4545404746445,hi,quannianri
6.5,zg,3658.8700205122495,hi,quannianri
7.5,zg,4041.031570441003,hi,quannianri
8.5,zg,4155.680427529047,hi,quannianri
9.5,zg,4325.162140279776,hi,quannianri
10.5,zg,4181.833462936214,hi,quannianri
11.5,zg,4148.363481729253,hi,quannianri
12.5,zg,4186.992668056806,hi,quannianri
13.5,zg,3682.8626390472755,hi,quannianri
14.5,zg,3940.3968933855012,hi,quannianri
15.5,zg,3839.8360068129605,hi,quannianri
16.5,zg,3868.3725842631793,hi,quannianri
17.5,zg,3887.0435770395693,hi,quannianri
18.5,zg,4014.006318825318,hi,quannianri
19.5,zg,4129.91966263396,hi,quannianri
20.5,zg,4184.992019665218,hi,quannianri
21.5,zg,4080.90358578401,hi,quannianri
22.5,zg,4019.527329976144,hi,quannianri
23.5,zg,4170.601603761241,hi,quannianri
0.5,zd,1928.5684333275215,hi,quannianri
1.5,zd,2007.5314878594281,hi,quannianri
2.5,zd,1934.8073837846011,hi,quannianri
3.5,zd,1776.1637303034965,hi,quannianri
4.5,zd,1867.568987021533,hi,quannianri
5.5,zd,2093.1577616153904,hi,quannianri
6.5,zd,1940.959748759047,hi,quannianri
7.5,zd,2752.05462262805,hi,quannianri
8.5,zd,2969.582000629996,hi,quannianri
9.5,zd,3045.313656238206,hi,quannianri
10.5,zd,2795.0681572280946,hi,quannianri
11.5,zd,3107.6959143154227,hi,quannianri
12.5,zd,3150.3848944263323,hi,quannianri
13.5,zd,2370.191226859532,hi,quannianri
14.5,zd,2875.5053813155173,hi,quannianri
15.5,zd,2656.601399325806,hi,quannianri
16.5,zd,2841.2990923153334,hi,quannianri
17.5,zd,2743.4905918172435,hi,quannianri
18.5,zd,2489.3267749429447,hi,quannianri
19.5,zd,2476.5968747093834,hi,quannianri
20.5,zd,2501.8098643388757,hi,quannianri
21.5,zd,2287.0858952077197,hi,quannianri
22.5,zd,2249.4508691486826,hi,quannianri
23.5,zd,2262.6643765919343,hi,quannianri
0.5,zg,13572.286570181925,hl,quannianri
1.5,zg,13898.323090815624,hl,quannianri
2.5,zg,12756.84773737936,hl,quannianri
3.5,zg,12013.526380144971,hl,quannianri
4.5,zg,12391.81560108424,hl,quannianri
5.5,zg,11473.519322435284,hl,quannianri
6.5,zg,11634.954319702094,hl,quannianri
7.5,zg,11669.42656720275,hl,quannianri
8.5,zg,12033.860879986512,hl,quannianri
9.5,zg,12261.671046267134,hl,quannianri
10.5,zg,11733.255932553498,hl,quannianri
11.5,zg,11177.648593341564,hl,quannianri
12.5,zg,11792.587642062836,hl,quannianri
13.5,zg,11619.507826245232,hl,quannianri
14.5,zg,11296.019385147596,hl,quannianri
15.5,zg,10825.552971233506,hl,quannianri
16.5,zg,11010.00012153142,hl,quannianri
17.5,zg,10905.973167377793,hl,quannianri
18.5,zg,12434.160445960713,hl,quannianri
19.5,zg,12964.281376084866,hl,quannianri
20.5,zg,13329.36046990611,hl,quannianri
21.5,zg,13754.174023344129,hl,quannianri
22.5,zg,14042.499385688232,hl,quannianri
23.5,zg,13722.812513468361,hl,quannianri
0.5,zd,9125.493372563005,hl,quannianri
1.5,zd,9512.035327962425,hl,quannianri
2.5,zd,8883.876541914384,hl,quannianri
3.5,zd,8414.919639589865,hl,quannianri
4.5,zd,8557.869901704667,hl,quannianri
5.5,zd,7846.901672182415,hl,quannianri
6.5,zd,7887.671209069697,hl,quannianri
7.5,zd,8193.157481393,hl,quannianri
8.5,zd,8088.495699400555,hl,quannianri
9.5,zd,7888.556492356301,hl,quannianri
10.5,zd,7543.973008387911,hl,quannianri
11.5,zd,7439.813031287332,hl,quannianri
12.5,zd,7610.35456047507,hl,quannianri
13.5,zd,7518.4373953230615,hl,quannianri
14.5,zd,7499.942187678367,hl,quannianri
15.5,zd,7072.0406910039765,hl,quannianri
16.5,zd,7339.9111595187005,hl,quannianri
17.5,zd,7292.920322708125,hl,quannianri
18.5,zd,7760.566118643981,hl,quannianri
19.5,zd,8335.72019996644,hl,quannianri
20.5,zd,8619.842378785588,hl,quannianri
21.5,zd,8987.095708703926,hl,quannianri
22.5,zd,9111.431884559222,hl,quannianri
23.5,zd,8924.72079227081,hl,quannianri
0.5,zg,26092.18262018862,hn,quannianri
1.5,zg,26068.374535113515,hn,quannianri
2.5,zg,22979.290406180357,hn,quannianri
3.5,zg,21151.08737652384,hn,quannianri
4.5,zg,18425.63046564269,hn,quannianri
5.5,zg,17940.671551276628,hn,quannianri
6.5,zg,17413.417503694855,hn,quannianri
7.5,zg,16911.991931642722,hn,quannianri
8.5,zg,16620.785783291678,hn,quannianri
9.5,zg,18874.823215825327,hn,quannianri
10.5,zg,17941.10838292222,hn,quannianri
11.5,zg,22177.279548292685,hn,quannianri
12.5,zg,23285.15980767153,hn,quannianri
13.5,zg,26464.34673029764,hn,quannianri
14.5,zg,24691.157561723558,hn,quannianri
15.5,zg,22663.95495350101,hn,quannianri
16.5,zg,18984.570453926874,hn,quannianri
17.5,zg,17075.35903763291,hn,quannianri
18.5,zg,18391.684351443982,hn,quannianri
19.5,zg,18482.09042922506,hn,quannianri
20.5,zg,20601.93969573385,hn,quannianri
21.5,zg,20186.350157709985,hn,quannianri
22.5,zg,26935.7930523692,hn,quannianri
23.5,zg,23974.824733555095,hn,quannianri
0.5,zd,14084.688777884388,hn,quannianri
1.5,zd,13433.950484076868,hn,quannianri
2.5,zd,12506.710327465036,hn,quannianri
3.5,zd,10198.213136743077,hn,quannianri
4.5,zd,10423.792974769687,hn,quannianri
5.5,zd,10698.143242952021,hn,quannianri
6.5,zd,10795.8799473052,hn,quannianri
7.5,zd,10490.688510254051,hn,quannianri
8.5,zd,10897.212836012633,hn,quannianri
9.5,zd,12459.236600940516,hn,quannianri
10.5,zd,11742.109616794978,hn,quannianri
11.5,zd,14277.035449397179,hn,quannianri
12.5,zd,14633.066553898798,hn,quannianri
13.5,zd,18152.586743297456,hn,quannianri
14.5,zd,16651.898429159777,hn,quannianri
15.5,zd,15262.221640055737,hn,quannianri
16.5,zd,12701.249346333854,hn,quannianri
17.5,zd,11215.365057596104,hn,quannianri
18.5,zd,11998.890435818174,hn,quannianri
19.5,zd,11085.677175660008,hn,quannianri
20.5,zd,11132.952740814673,hn,quannianri
21.5,zd,11572.153780634037,hn,quannianri
22.5,zd,13801.327099796084,hn,quannianri
23.5,zd,13125.459790360299,hn,quannianri
0.5,zg,22155.231691484278,jibei,quannianri
1.5,zg,22331.98064248596,jibei,quannianri
2.5,zg,19504.82720990136,jibei,quannianri
3.5,zg,17805.87502291929,jibei,quannianri
4.5,zg,18363.65086726945,jibei,quannianri
5.5,zg,18487.844075052348,jibei,quannianri
6.5,zg,19925.51380900891,jibei,quannianri
7.5,zg,19404.29220165981,jibei,quannianri
8.5,zg,19177.57313559793,jibei,quannianri
9.5,zg,19154.530296889894,jibei,quannianri
10.5,zg,19024.94647960011,jibei,quannianri
11.5,zg,20887.92369351681,jibei,quannianri
12.5,zg,20256.186886377043,jibei,quannianri
13.5,zg,21167.003475551588,jibei,quannianri
14.5,zg,22164.68211276639,jibei,quannianri
15.5,zg,20732.79462343037,jibei,quannianri
16.5,zg,19679.85982962815,jibei,quannianri
17.5,zg,19167.96547523816,jibei,quannianri
18.5,zg,19943.219134742314,jibei,quannianri
19.5,zg,20168.17831132873,jibei,quannianri
20.5,zg,21763.24964131838,jibei,quannianri
21.5,zg,22410.7741691902,jibei,quannianri
22.5,zg,23984.46566229617,jibei,quannianri
23.5,zg,22574.131673252305,jibei,quannianri
0.5,zd,18043.92785196018,jibei,quannianri
1.5,zd,18415.465846992305,jibei,quannianri
2.5,zd,16405.858522862734,jibei,quannianri
3.5,zd,14595.781997936952,jibei,quannianri
4.5,zd,15366.56824396629,jibei,quannianri
5.5,zd,15317.87941386321,jibei,quannianri
6.5,zd,16508.9552691309,jibei,quannianri
7.5,zd,16361.507365492229,jibei,quannianri
8.5,zd,16093.59974112811,jibei,quannianri
9.5,zd,15914.86344442228,jibei,quannianri
10.5,zd,15982.186322854926,jibei,quannianri
11.5,zd,17066.204622099773,jibei,quannianri
12.5,zd,16628.44172235511,jibei,quannianri
13.5,zd,16761.52222579108,jibei,quannianri
14.5,zd,17616.671052934948,jibei,quannianri
15.5,zd,16529.692647325115,jibei,quannianri
16.5,zd,16252.583601994153,jibei,quannianri
17.5,zd,15832.32999308733,jibei,quannianri
18.5,zd,16064.365804139752,jibei,quannianri
19.5,zd,15853.88312864048,jibei,quannianri
20.5,zd,17986.224006864675,jibei,quannianri
21.5,zd,18354.438678982206,jibei,quannianri
22.5,zd,19508.741639943262,jibei,quannianri
23.5,zd,18343.730535157523,jibei,quannianri
0.5,zg,10751.441725728502,jl,quannianri
1.5,zg,11261.461146018723,jl,quannianri
2.5,zg,10645.188532161095,jl,quannianri
3.5,zg,9738.418979824124,jl,quannianri
4.5,zg,9796.757811112939,jl,quannianri
5.5,zg,8760.004302282288,jl,quannianri
6.5,zg,8862.125607571234,jl,quannianri
7.5,zg,8518.255278510873,jl,quannianri
8.5,zg,8699.5657117086,jl,quannianri
9.5,zg,8325.20875513789,jl,quannianri
10.5,zg,8292.956377330354,jl,quannianri
11.5,zg,8684.937835693327,jl,quannianri
12.5,zg,8687.845865109999,jl,quannianri
13.5,zg,9466.504649372095,jl,quannianri
14.5,zg,8986.406034849753,jl,quannianri
15.5,zg,8166.4362597608215,jl,quannianri
16.5,zg,8091.91754779374,jl,quannianri
17.5,zg,8107.551886187665,jl,quannianri
18.5,zg,9219.24666376061,jl,quannianri
19.5,zg,9794.805504266955,jl,quannianri
20.5,zg,10180.19909920085,jl,quannianri
21.5,zg,10549.621054888472,jl,quannianri
22.5,zg,11076.098998842599,jl,quannianri
23.5,zg,10822.942943031945,jl,quannianri
0.5,zd,7471.49420956796,jl,quannianri
1.5,zd,7870.872925480582,jl,quannianri
2.5,zd,7683.398210443513,jl,quannianri
3.5,zd,6790.789435270511,jl,quannianri
4.5,zd,7011.9045542564645,jl,quannianri
5.5,zd,5994.211031073103,jl,quannianri
6.5,zd,6048.706430454807,jl,quannianri
7.5,zd,5783.089938541218,jl,quannianri
8.5,zd,5890.7288188313005,jl,quannianri
9.5,zd,5657.827823883067,jl,quannianri
10.5,zd,5614.723709690004,jl,quannianri
11.5,zd,5814.354321173425,jl,quannianri
12.5,zd,5820.02707626417,jl,quannianri
13.5,zd,6313.245654034422,jl,quannianri
14.5,zd,5802.713056344372,jl,quannianri
15.5,zd,5494.270163556669,jl,quannianri
16.5,zd,5438.704080959032,jl,quannianri
17.5,zd,5355.181490014481,jl,quannianri
18.5,zd,5809.58696713889,jl,quannianri
19.5,zd,6445.498970951786,jl,quannianri
20.5,zd,6696.649289272425,jl,quannianri
21.5,zd,7150.017038964474,jl,quannianri
22.5,zd,7586.8963026767005,jl,quannianri
23.5,zd,7452.47177205554,jl,quannianri
0.5,zg,86923.55717039837,js,quannianri
1.5,zg,87601.45798369199,js,quannianri
2.5,zg,72664.7970537834,js,quannianri
3.5,zg,57717.22989541454,js,quannianri
4.5,zg,67275.99723204889,js,quannianri
5.5,zg,65984.78896641904,js,quannianri
6.5,zg,67312.94960399129,js,quannianri
7.5,zg,67186.9633976659,js,quannianri
8.5,zg,67031.78370469462,js,quannianri
9.5,zg,67438.78506680558,js,quannianri
10.5,zg,68381.23564738684,js,quannianri
11.5,zg,76059.88174044377,js,quannianri
12.5,zg,85782.0513084801,js,quannianri
13.5,zg,97681.73127382323,js,quannianri
14.5,zg,101352.80011505834,js,quannianri
15.5,zg,78825.50783691392,js,quannianri
16.5,zg,71256.63890945748,js,quannianri
17.5,zg,64936.06886625818,js,quannianri
18.5,zg,68859.19352016543,js,quannianri
19.5,zg,69229.19022166738,js,quannianri
20.5,zg,68252.99177279914,js,quannianri
21.5,zg,69534.13652099557,js,quannianri
22.5,zg,82837.39949310732,js,quannianri
23.5,zg,76155.28019572211,js,quannianri
0.5,zd,63509.08850066402,js,quannianri
1.5,zd,63397.951249962345,js,quannianri
2.5,zd,55184.515253557816,js,quannianri
3.5,zd,40199.11352830006,js,quannianri
4.5,zd,56575.2526874206,js,quannianri
5.5,zd,55671.16912318358,js,quannianri
6.5,zd,56667.06936467926,js,quannianri
7.5,zd,56737.96578428884,js,quannianri
8.5,zd,55994.71280461519,js,quannianri
9.5,zd,55233.88883005411,js,quannianri
10.5,zd,56653.02497743475,js,quannianri
11.5,zd,56816.96874980398,js,quannianri
12.5,zd,63228.13570571851,js,quannianri
13.5,zd,72616.18748790339,js,quannianri
14.5,zd,76383.86493041956,js,quannianri
15.5,zd,64732.71797317552,js,quannianri
16.5,zd,59883.50095244787,js,quannianri
17.5,zd,53099.13720099471,js,quannianri
18.5,zd,56665.36250737362,js,quannianri
19.5,zd,57538.49199607138,js,quannianri
20.5,zd,55095.8941025156,js,quannianri
21.5,zd,58509.224484306484,js,quannianri
22.5,zd,61885.80800484365,js,quannianri
23.5,zd,59824.36385352352,js,quannianri
0.5,zg,20047.667722232633,jx,quannianri
1.5,zg,19553.053417006064,jx,quannianri
2.5,zg,17098.38129252978,jx,quannianri
3.5,zg,14323.772504181168,jx,quannianri
4.5,zg,15394.820550101767,jx,quannianri
5.5,zg,15898.95829195674,jx,quannianri
6.5,zg,15833.805533973726,jx,quannianri
7.5,zg,15603.78894711967,jx,quannianri
8.5,zg,15710.29210955973,jx,quannianri
9.5,zg,17281.725378658677,jx,quannianri
10.5,zg,14897.14280999429,jx,quannianri
11.5,zg,17865.950145342096,jx,quannianri
12.5,zg,19480.327893988084,jx,quannianri
13.5,zg,21769.11668982533,jx,quannianri
14.5,zg,21389.719792121115,jx,quannianri
15.5,zg,18099.900423828516,jx,quannianri
16.5,zg,16868.638163194777,jx,quannianri
17.5,zg,15426.091268177172,jx,quannianri
18.5,zg,16857.981265858132,jx,quannianri
19.5,zg,16806.730821812096,jx,quannianri
20.5,zg,17686.266986026876,jx,quannianri
21.5,zg,17594.495261473472,jx,quannianri
22.5,zg,20867.019676439213,jx,quannianri
23.5,zg,19134.413627717982,jx,quannianri
0.5,zd,10864.956585929544,jx,quannianri
1.5,zd,10809.15590816239,jx,quannianri
2.5,zd,10236.159930411637,jx,quannianri
3.5,zd,8206.872903105692,jx,quannianri
4.5,zd,9348.49838756775,jx,quannianri
5.5,zd,9843.36342117942,jx,quannianri
6.5,zd,9834.34990985777,jx,quannianri
7.5,zd,10040.702517999776,jx,quannianri
8.5,zd,10346.980627962615,jx,quannianri
9.5,zd,12301.670172609955,jx,quannianri
10.5,zd,10215.464121380804,jx,quannianri
11.5,zd,12029.43729419963,jx,quannianri
12.5,zd,13350.982324376502,jx,quannianri
13.5,zd,15045.413135166458,jx,quannianri
14.5,zd,15012.710304390554,jx,quannianri
15.5,zd,13142.545685292489,jx,quannianri
16.5,zd,11518.688946880007,jx,quannianri
17.5,zd,10825.078297937564,jx,quannianri
18.5,zd,10814.236119572264,jx,quannianri
19.5,zd,10089.262106842678,jx,quannianri
20.5,zd,11402.250757580106,jx,quannianri
21.5,zd,11125.111609616177,jx,quannianri
22.5,zd,12456.347067009325,jx,quannianri
23.5,zd,11570.65879383021,jx,quannianri
0.5,zg,29328.56742010907,ln,quannianri
1.5,zg,30454.053545683764,ln,quannianri
2.5,zg,28668.85169622909,ln,quannianri
3.5,zg,26622.16005222707,ln,quannianri
4.5,zg,28208.525835866774,ln,quannianri
5.5,zg,27091.798014745793,ln,quannianri
6.5,zg,27533.604524731003,ln,quannianri
7.5,zg,26448.81275721915,ln,quannianri
8.5,zg,26543.26526988747,ln,quannianri
9.5,zg,25846.16319289053,ln,quannianri
10.5,zg,25662.795217921604,ln,quannianri
11.5,zg,26806.512500961446,ln,quannianri
12.5,zg,26855.138664749826,ln,quannianri
13.5,zg,29266.538236905206,ln,quannianri
14.5,zg,30589.76583468422,ln,quannianri
15.5,zg,26572.980923677,ln,quannianri
16.5,zg,26197.100995165714,ln,quannianri
17.5,zg,25249.06331060061,ln,quannianri
18.5,zg,27239.010519939395,ln,quannianri
19.5,zg,27523.792538260688,ln,quannianri
20.5,zg,28186.10180806642,ln,quannianri
21.5,zg,28797.1364786864,ln,quannianri
22.5,zg,30796.110632247557,ln,quannianri
23.5,zg,31140.558599069987,ln,quannianri
0.5,zd,24932.320259985987,ln,quannianri
1.5,zd,25537.465348134356,ln,quannianri
2.5,zd,24510.653672710305,ln,quannianri
3.5,zd,22553.855870886706,ln,quannianri
4.5,zd,24126.149634268975,ln,quannianri
5.5,zd,23186.41054521203,ln,quannianri
6.5,zd,22379.072616510635,ln,quannianri
7.5,zd,21947.28230710608,ln,quannianri
8.5,zd,22273.43946098871,ln,quannianri
9.5,zd,21417.987890956254,ln,quannianri
10.5,zd,21437.17757182305,ln,quannianri
11.5,zd,21856.69975850002,ln,quannianri
12.5,zd,21915.28846134509,ln,quannianri
13.5,zd,22865.833393372224,ln,quannianri
14.5,zd,23966.869409018826,ln,quannianri
15.5,zd,22340.080466581843,ln,quannianri
16.5,zd,22225.635472997492,ln,quannianri
17.5,zd,21192.02878682748,ln,quannianri
18.5,zd,22686.227818046973,ln,quannianri
19.5,zd,22840.461827967563,ln,quannianri
20.5,zd,24111.02460548201,ln,quannianri
21.5,zd,24641.68604946805,ln,quannianri
22.5,zd,26246.60525935898,ln,quannianri
23.5,zd,26730.089368627945,ln,quannianri
0.5,zg,6407.588753162297,mengdong,quannianri
1.5,zg,6734.651795502337,mengdong,quannianri
2.5,zg,6308.303350220978,mengdong,quannianri
3.5,zg,5909.581286506559,mengdong,quannianri
4.5,zg,6465.687529719218,mengdong,quannianri
5.5,zg,5932.596772002803,mengdong,quannianri
6.5,zg,6141.494546371471,mengdong,quannianri
7.5,zg,5991.41795602959,mengdong,quannianri
8.5,zg,7469.907718006873,mengdong,quannianri
9.5,zg,6711.148030932059,mengdong,quannianri
10.5,zg,7149.554886712286,mengdong,quannianri
11.5,zg,7441.0979808760085,mengdong,quannianri
12.5,zg,7264.457733893632,mengdong,quannianri
13.5,zg,7173.137275641411,mengdong,quannianri
14.5,zg,7104.014332357887,mengdong,quannianri
15.5,zg,6724.302692190875,mengdong,quannianri
16.5,zg,6644.506898097192,mengdong,quannianri
17.5,zg,6889.058649580451,mengdong,quannianri
18.5,zg,6767.696232248541,mengdong,quannianri
19.5,zg,6618.253555455044,mengdong,quannianri
20.5,zg,6957.038325179514,mengdong,quannianri
21.5,zg,6656.857501249488,mengdong,quannianri
22.5,zg,7251.332821537271,mengdong,quannianri
23.5,zg,6875.133046711102,mengdong,quannianri
0.5,zd,5000.788746788252,mengdong,quannianri
1.5,zd,5315.252935706345,mengdong,quannianri
2.5,zd,5093.470833912378,mengdong,quannianri
3.5,zd,4554.891062954293,mengdong,quannianri
4.5,zd,5274.994577927077,mengdong,quannianri
5.5,zd,4684.269713606056,mengdong,quannianri
6.5,zd,4731.73806236376,mengdong,quannianri
7.5,zd,4636.229426219216,mengdong,quannianri
8.5,zd,5821.548320837431,mengdong,quannianri
9.5,zd,5401.47982441098,mengdong,quannianri
10.5,zd,5537.1325910531405,mengdong,quannianri
11.5,zd,5829.166320181631,mengdong,quannianri
12.5,zd,5657.282692339106,mengdong,quannianri
13.5,zd,5351.208886995052,mengdong,quannianri
14.5,zd,5502.521646223108,mengdong,quannianri
15.5,zd,5176.344624080321,mengdong,quannianri
16.5,zd,4982.066762118591,mengdong,quannianri
17.5,zd,5334.246951581555,mengdong,quannianri
18.5,zd,5187.24772607031,mengdong,quannianri
19.5,zd,5288.468891605548,mengdong,quannianri
20.5,zd,5466.736676014817,mengdong,quannianri
21.5,zd,5260.047457237173,mengdong,quannianri
22.5,zd,5600.931778153107,mengdong,quannianri
23.5,zd,5275.4328589438,mengdong,quannianri
0.5,zg,29136.63008485822,mengxi,quannianri
1.5,zg,29894.865329244276,mengxi,quannianri
2.5,zg,28663.016087740427,mengxi,quannianri
3.5,zg,28689.978898550624,mengxi,quannianri
4.5,zg,28805.822951021546,mengxi,quannianri
5.5,zg,28691.459209812147,mengxi,quannianri
6.5,zg,28194.97619111347,mengxi,quannianri
7.5,zg,28183.021946169436,mengxi,quannianri
8.5,zg,28756.560029153672,mengxi,quannianri
9.5,zg,28443.73745541138,mengxi,quannianri
10.5,zg,28516.710434485678,mengxi,quannianri
11.5,zg,27841.312442402952,mengxi,quannianri
12.5,zg,28074.625278723106,mengxi,quannianri
13.5,zg,29318.757035679235,mengxi,quannianri
14.5,zg,29956.213692744208,mengxi,quannianri
15.5,zg,31358.029229197768,mengxi,quannianri
16.5,zg,31019.838737362224,mengxi,quannianri
17.5,zg,30975.622357488053,mengxi,quannianri
18.5,zg,31795.43239733439,mengxi,quannianri
19.5,zg,31655.113355399346,mengxi,quannianri
20.5,zg,31962.844503965156,mengxi,quannianri
21.5,zg,32473.56414324304,mengxi,quannianri
22.5,zg,32708.070081418235,mengxi,quannianri
23.5,zg,33043.97778303063,mengxi,quannianri
0.5,zd,26147.417299506695,mengxi,quannianri
1.5,zd,26816.21820206244,mengxi,quannianri
2.5,zd,25847.044211857257,mengxi,quannianri
3.5,zd,25818.69818014618,mengxi,quannianri
4.5,zd,26184.399171308676,mengxi,quannianri
5.5,zd,25876.375297278206,mengxi,quannianri
6.5,zd,25307.469258138695,mengxi,quannianri
7.5,zd,25644.325154937695,mengxi,quannianri
8.5,zd,26025.992517015402,mengxi,quannianri
9.5,zd,25602.09873151798,mengxi,quannianri
10.5,zd,25551.320841393455,mengxi,quannianri
11.5,zd,25073.262081317553,mengxi,quannianri
12.5,zd,25172.231874567937,mengxi,quannianri
13.5,zd,25844.33133758228,mengxi,quannianri
14.5,zd,27328.193878608636,mengxi,quannianri
15.5,zd,28461.927038918202,mengxi,quannianri
16.5,zd,27954.468569353106,mengxi,quannianri
17.5,zd,27916.759112017022,mengxi,quannianri
18.5,zd,28797.836063937146,mengxi,quannianri
19.5,zd,28351.123266655046,mengxi,quannianri
20.5,zd,29056.403685121357,mengxi,quannianri
21.5,zd,29919.83689412846,mengxi,quannianri
22.5,zd,29897.111622937617,mengxi,quannianri
23.5,zd,30356.9751843038,mengxi,quannianri
0.5,zg,10304.029768327544,nx,quannianri
1.5,zg,11348.624084630954,nx,quannianri
2.5,zg,11125.457743655938,nx,quannianri
3.5,zg,10493.715379070183,nx,quannianri
4.5,zg,11161.77472972792,nx,quannianri
5.5,zg,11404.66912209951,nx,quannianri
6.5,zg,11263.883210982223,nx,quannianri
7.5,zg,11154.315482141246,nx,quannianri
8.5,zg,10963.488223203756,nx,quannianri
9.5,zg,11239.43068703747,nx,quannianri
10.5,zg,10999.919355792896,nx,quannianri
11.5,zg,10962.056566053057,nx,quannianri
12.5,zg,11520.172660615903,nx,quannianri
13.5,zg,11697.588947774022,nx,quannianri
14.5,zg,11905.197088463354,nx,quannianri
15.5,zg,11466.39790894869,nx,quannianri
16.5,zg,11297.615087587585,nx,quannianri
17.5,zg,11112.762721058592,nx,quannianri
18.5,zg,11657.403628020644,nx,quannianri
19.5,zg,12024.401589495612,nx,quannianri
20.5,zg,12500.965003261817,nx,quannianri
21.5,zg,12448.227131936992,nx,quannianri
22.5,zg,12662.18078580526,nx,quannianri
23.5,zg,12501.146412899403,nx,quannianri
0.5,zd,8951.41561149929,nx,quannianri
1.5,zd,10049.732878774892,nx,quannianri
2.5,zd,9995.399884204191,nx,quannianri
3.5,zd,9365.35280186237,nx,quannianri
4.5,zd,9924.09641832092,nx,quannianri
5.5,zd,10127.1364704706,nx,quannianri
6.5,zd,9969.381473562464,nx,quannianri
7.5,zd,10118.006146656115,nx,quannianri
8.5,zd,10003.66246502746,nx,quannianri
9.5,zd,10095.395971035026,nx,quannianri
10.5,zd,9897.244932163478,nx,quannianri
11.5,zd,9915.551796443056,nx,quannianri
12.5,zd,10544.05179959459,nx,quannianri
13.5,zd,10234.742517265051,nx,quannianri
14.5,zd,10807.179131519533,nx,quannianri
15.5,zd,10159.087887745358,nx,quannianri
16.5,zd,10064.417639504813,nx,quannianri
17.5,zd,9994.069855886937,nx,quannianri
18.5,zd,10396.206549423752,nx,quannianri
19.5,zd,10687.839726294224,nx,quannianri
20.5,zd,11201.465010927626,nx,quannianri
21.5,zd,11164.781747038603,nx,quannianri
22.5,zd,11384.269864727316,nx,quannianri
23.5,zd,11367.939706549098,nx,quannianri
0.5,zg,9144.227226048035,qh,quannianri
1.5,zg,8973.513294314305,qh,quannianri
2.5,zg,8742.556085702023,qh,quannianri
3.5,zg,8443.192957786881,qh,quannianri
4.5,zg,8575.917665436056,qh,quannianri
5.5,zg,8420.11781631249,qh,quannianri
6.5,zg,8415.334242660418,qh,quannianri
7.5,zg,8436.730382205662,qh,quannianri
8.5,zg,8377.120869123572,qh,quannianri
9.5,zg,8135.794876319163,qh,quannianri
10.5,zg,8378.103237315478,qh,quannianri
11.5,zg,8419.602066565534,qh,quannianri
12.5,zg,8487.93872322026,qh,quannianri
13.5,zg,8332.995099916605,qh,quannianri
14.5,zg,8231.53966216744,qh,quannianri
15.5,zg,8339.720744789907,qh,quannianri
16.5,zg,8342.750065422288,qh,quannianri
17.5,zg,8369.3363665254,qh,quannianri
18.5,zg,8687.143455806174,qh,quannianri
19.5,zg,8808.837663710196,qh,quannianri
20.5,zg,8986.583368891588,qh,quannianri
21.5,zg,8934.000271828816,qh,quannianri
22.5,zg,8840.681067408006,qh,quannianri
23.5,zg,8914.11256917261,qh,quannianri
0.5,zd,8336.06471248093,qh,quannianri
1.5,zd,8206.2980560316,qh,quannianri
2.5,zd,7897.665540712539,qh,quannianri
3.5,zd,7766.371770738731,qh,quannianri
4.5,zd,7778.756735227639,qh,quannianri
5.5,zd,7752.0950424540115,qh,quannianri
6.5,zd,7632.387165256369,qh,quannianri
7.5,zd,7726.298364310996,qh,quannianri
8.5,zd,7688.268421333164,qh,quannianri
9.5,zd,7619.779572524435,qh,quannianri
10.5,zd,7562.452484114139,qh,quannianri
11.5,zd,7550.491245578808,qh,quannianri
12.5,zd,7745.411849448482,qh,quannianri
13.5,zd,7731.804047931423,qh,quannianri
14.5,zd,7538.759210740307,qh,quannianri
15.5,zd,7635.149380904417,qh,quannianri
16.5,zd,7519.805432153233,qh,quannianri
17.5,zd,7469.686849549029,qh,quannianri
18.5,zd,7985.933044088629,qh,quannianri
19.5,zd,7998.675571895384,qh,quannianri
20.5,zd,8059.521404742065,qh,quannianri
21.5,zd,8020.495912402003,qh,quannianri
22.5,zd,7850.588099505668,qh,quannianri
23.5,zd,7911.721055843972,qh,quannianri
0.5,zg,33088.25234125859,sc,quannianri
1.5,zg,31880.989203702382,sc,quannianri
2.5,zg,32586.93180590989,sc,quannianri
3.5,zg,24882.44770692987,sc,quannianri
4.5,zg,26372.771462967627,sc,quannianri
5.5,zg,26377.161783202246,sc,quannianri
6.5,zg,26205.791927104332,sc,quannianri
7.5,zg,25076.69182414198,sc,quannianri
8.5,zg,25288.000266862815,sc,quannianri
9.5,zg,26159.182073281223,sc,quannianri
10.5,zg,27317.303420744167,sc,quannianri
11.5,zg,27403.9362099914,sc,quannianri
12.5,zg,27640.060319646418,sc,quannianri
13.5,zg,37729.20229661387,sc,quannianri
14.5,zg,34159.49306187668,sc,quannianri
15.5,zg,35637.52722016141,sc,quannianri
16.5,zg,28677.616701133444,sc,quannianri
17.5,zg,26704.107271968693,sc,quannianri
18.5,zg,28237.972110399507,sc,quannianri
19.5,zg,29057.998545410763,sc,quannianri
20.5,zg,30100.226525920843,sc,quannianri
21.5,zg,31854.772353492834,sc,quannianri
22.5,zg,35811.15017704946,sc,quannianri
23.5,zg,35328.60985738034,sc,quannianri
0.5,zd,20561.2560721358,sc,quannianri
1.5,zd,20073.922078901043,sc,quannianri
2.5,zd,19434.252749898726,sc,quannianri
3.5,zd,15308.129205260677,sc,quannianri
4.5,zd,17995.489839243808,sc,quannianri
5.5,zd,18052.80788504722,sc,quannianri
6.5,zd,17860.51977286319,sc,quannianri
7.5,zd,17342.40006877825,sc,quannianri
8.5,zd,17628.115714773656,sc,quannianri
9.5,zd,17780.015207170825,sc,quannianri
10.5,zd,18389.317218658693,sc,quannianri
11.5,zd,18363.21080103305,sc,quannianri
12.5,zd,18162.12258729516,sc,quannianri
13.5,zd,24694.077597494284,sc,quannianri
14.5,zd,22169.32839827897,sc,quannianri
15.5,zd,23104.36792985569,sc,quannianri
16.5,zd,20576.00633099775,sc,quannianri
17.5,zd,19202.29905510681,sc,quannianri
18.5,zd,19643.121312173505,sc,quannianri
19.5,zd,20137.945645076597,sc,quannianri
20.5,zd,20464.81944454304,sc,quannianri
21.5,zd,21619.304326208778,sc,quannianri
22.5,zd,22718.476200964604,sc,quannianri
23.5,zd,22445.64429088908,sc,quannianri
0.5,zg,62780.323998150394,sd,quannianri
1.5,zg,65469.35902980752,sd,quannianri
2.5,zg,58187.03480533651,sd,quannianri
3.5,zg,50718.44740750457,sd,quannianri
4.5,zg,56251.28893555833,sd,quannianri
5.5,zg,54578.36266612984,sd,quannianri
6.5,zg,55848.3834325676,sd,quannianri
7.5,zg,54383.79457022346,sd,quannianri
8.5,zg,54948.197326297435,sd,quannianri
9.5,zg,54484.1211158111,sd,quannianri
10.5,zg,48913.04804385436,sd,quannianri
11.5,zg,59213.064700113515,sd,quannianri
12.5,zg,59466.40305927493,sd,quannianri
13.5,zg,76416.56582012492,sd,quannianri
14.5,zg,79028.65264231557,sd,quannianri
15.5,zg,59546.483420815406,sd,quannianri
16.5,zg,56194.27074522097,sd,quannianri
17.5,zg,52397.85244210076,sd,quannianri
18.5,zg,56576.748237551175,sd,quannianri
19.5,zg,58174.16317593157,sd,quannianri
20.5,zg,59857.653728974365,sd,quannianri
21.5,zg,60277.934712361035,sd,quannianri
22.5,zg,68268.56745443544,sd,quannianri
23.5,zg,65703.94814561043,sd,quannianri
0.5,zd,49351.27922677479,sd,quannianri
1.5,zd,51365.05634218391,sd,quannianri
2.5,zd,46659.033262161094,sd,quannianri
3.5,zd,37336.13015663897,sd,quannianri
4.5,zd,47962.49438453954,sd,quannianri
5.5,zd,47457.60732359956,sd,quannianri
6.5,zd,48722.6957061634,sd,quannianri
7.5,zd,47057.53501931782,sd,quannianri
8.5,zd,48754.047352107635,sd,quannianri
9.5,zd,48742.566316756944,sd,quannianri
10.5,zd,40589.04245293505,sd,quannianri
11.5,zd,49811.046959588086,sd,quannianri
12.5,zd,50227.31054241886,sd,quannianri
13.5,zd,56669.10711245418,sd,quannianri
14.5,zd,61050.39651088629,sd,quannianri
15.5,zd,49539.84484623587,sd,quannianri
16.5,zd,49090.84535804418,sd,quannianri
17.5,zd,45623.335406984224,sd,quannianri
18.5,zd,48222.29459954396,sd,quannianri
19.5,zd,49097.53540644546,sd,quannianri
20.5,zd,49198.40172956797,sd,quannianri
21.5,zd,49988.36973592183,sd,quannianri
22.5,zd,53847.444034754124,sd,quannianri
23.5,zd,52111.50687284647,sd,quannianri
0.5,zg,25233.412198205908,sh,quannianri
1.5,zg,24882.33179570739,sh,quannianri
2.5,zg,22516.901345702758,sh,quannianri
3.5,zg,18097.195405448925,sh,quannianri
4.5,zg,18761.74680895315,sh,quannianri
5.5,zg,16792.972679670052,sh,quannianri
6.5,zg,17133.804972314414,sh,quannianri
7.5,zg,17280.382571972154,sh,quannianri
8.5,zg,17298.190452098166,sh,quannianri
9.5,zg,17569.20604525585,sh,quannianri
10.5,zg,18248.445479676153,sh,quannianri
11.5,zg,20911.91113032875,sh,quannianri
12.5,zg,25190.671866379627,sh,quannianri
13.5,zg,29019.66933726197,sh,quannianri
14.5,zg,29184.276484131704,sh,quannianri
15.5,zg,23592.74205159383,sh,quannianri
16.5,zg,20166.966885430324,sh,quannianri
17.5,zg,17653.80919527651,sh,quannianri
18.5,zg,17910.887139867315,sh,quannianri
19.5,zg,17392.08970757168,sh,quannianri
20.5,zg,16691.4389374643,sh,quannianri
21.5,zg,17843.019221574134,sh,quannianri
22.5,zg,22056.17986329745,sh,quannianri
23.5,zg,19875.480365332252,sh,quannianri
0.5,zd,14952.779654465656,sh,quannianri
1.5,zd,14791.646147126934,sh,quannianri
2.5,zd,15369.601856262458,sh,quannianri
3.5,zd,12050.93825008946,sh,quannianri
4.5,zd,13149.169860080954,sh,quannianri
5.5,zd,11645.747618387082,sh,quannianri
6.5,zd,11511.65968422624,sh,quannianri
7.5,zd,11700.000312860706,sh,quannianri
8.5,zd,11892.3270313932,sh,quannianri
9.5,zd,11889.009508340176,sh,quannianri
10.5,zd,12521.909678758602,sh,quannianri
11.5,zd,12389.225473991135,sh,quannianri
12.5,zd,15587.616958925586,sh,quannianri
13.5,zd,17461.492402022403,sh,quannianri
14.5,zd,18380.61773409817,sh,quannianri
15.5,zd,16012.45382466872,sh,quannianri
16.5,zd,14050.143884766916,sh,quannianri
17.5,zd,13214.452930130024,sh,quannianri
18.5,zd,11741.59038461467,sh,quannianri
19.5,zd,11656.75362761884,sh,quannianri
20.5,zd,11057.34377677198,sh,quannianri
21.5,zd,12287.013721495181,sh,quannianri
22.5,zd,14261.946080653872,sh,quannianri
23.5,zd,13167.514398740366,sh,quannianri
0.5,zg,20874.146829217112,sn,quannianri
1.5,zg,21081.05876619896,sn,quannianri
2.5,zg,19971.205625508843,sn,quannianri
3.5,zg,16409.09971072205,sn,quannianri
4.5,zg,17401.49647238382,sn,quannianri
5.5,zg,16533.88803677286,sn,quannianri
6.5,zg,16503.471381375934,sn,quannianri
7.5,zg,16003.00876365783,sn,quannianri
8.5,zg,15875.550197909928,sn,quannianri
9.5,zg,16071.352208941174,sn,quannianri
10.5,zg,16198.310336110299,sn,quannianri
11.5,zg,18661.20349108177,sn,quannianri
12.5,zg,16004.273573876686,sn,quannianri
13.5,zg,23644.929066386663,sn,quannianri
14.5,zg,23073.210872218337,sn,quannianri
15.5,zg,17482.329602789516,sn,quannianri
16.5,zg,15571.001340419492,sn,quannianri
17.5,zg,14837.673262882605,sn,quannianri
18.5,zg,15941.260256752968,sn,quannianri
19.5,zg,16822.455190402266,sn,quannianri
20.5,zg,19044.261001813386,sn,quannianri
21.5,zg,19859.3227460395,sn,quannianri
22.5,zg,22853.317563704913,sn,quannianri
23.5,zg,22205.080510706586,sn,quannianri
0.5,zd,13801.508163634166,sn,quannianri
1.5,zd,14354.046769066019,sn,quannianri
2.5,zd,13637.29457256171,sn,quannianri
3.5,zd,11529.793060139651,sn,quannianri
4.5,zd,12564.915979722959,sn,quannianri
5.5,zd,11967.915166046832,sn,quannianri
6.5,zd,11956.774833904708,sn,quannianri
7.5,zd,11685.129557066784,sn,quannianri
8.5,zd,11715.590851481373,sn,quannianri
9.5,zd,12017.254141043557,sn,quannianri
10.5,zd,11554.789848789682,sn,quannianri
11.5,zd,13175.070550526103,sn,quannianri
12.5,zd,11732.69547119222,sn,quannianri
13.5,zd,16007.280623260402,sn,quannianri
14.5,zd,15169.357469565915,sn,quannianri
15.5,zd,11883.320959839479,sn,quannianri
16.5,zd,10991.96749503055,sn,quannianri
17.5,zd,10668.78905456387,sn,quannianri
18.5,zd,11311.873019191935,sn,quannianri
19.5,zd,11687.05755705668,sn,quannianri
20.5,zd,12965.732898907134,sn,quannianri
21.5,zd,13846.922501089668,sn,quannianri
22.5,zd,14956.35490670795,sn,quannianri
23.5,zd,14834.157410928721,sn,quannianri
0.5,zg,28649.5402471496,sx,quannianri
1.5,zg,29071.857602928852,sx,quannianri
2.5,zg,27354.211704369045,sx,quannianri
3.5,zg,24487.324613446515,sx,quannianri
4.5,zg,25980.876797663357,sx,quannianri
5.5,zg,25721.63027769112,sx,quannianri
6.5,zg,25767.639423107095,sx,quannianri
7.5,zg,24619.82944884799,sx,quannianri
8.5,zg,24520.23703318559,sx,quannianri
9.5,zg,24921.698094875246,sx,quannianri
10.5,zg,24811.343043321696,sx,quannianri
11.5,zg,26657.094112616705,sx,quannianri
12.5,zg,24702.070039279697,sx,quannianri
13.5,zg,27596.444024382145,sx,quannianri
14.5,zg,28251.58329120742,sx,quannianri
15.5,zg,26405.550325945984,sx,quannianri
16.5,zg,25542.143637991823,sx,quannianri
17.5,zg,25253.55531957258,sx,quannianri
18.5,zg,26661.897893297435,sx,quannianri
19.5,zg,27875.629186101043,sx,quannianri
20.5,zg,29032.742173617247,sx,quannianri
21.5,zg,29567.885755109095,sx,quannianri
22.5,zg,31963.395594319732,sx,quannianri
23.5,zg,31031.905325983575,sx,quannianri
0.5,zd,22315.7562468789,sx,quannianri
1.5,zd,22981.801366038635,sx,quannianri
2.5,zd,21319.46248612497,sx,quannianri
3.5,zd,19268.56803208175,sx,quannianri
4.5,zd,20572.927369691493,sx,quannianri
5.5,zd,20419.1336012855,sx,quannianri
6.5,zd,20744.571151339034,sx,quannianri
7.5,zd,20000.963981293888,sx,quannianri
8.5,zd,20036.484323231667,sx,quannianri
9.5,zd,20151.230132002038,sx,quannianri
10.5,zd,20032.632200102686,sx,quannianri
11.5,zd,21701.933836334294,sx,quannianri
12.5,zd,20225.87446781866,sx,quannianri
13.5,zd,21920.02982839722,sx,quannianri
14.5,zd,22592.125306788712,sx,quannianri
15.5,zd,21121.86140272398,sx,quannianri
16.5,zd,20393.08099790441,sx,quannianri
17.5,zd,20112.61869878616,sx,quannianri
18.5,zd,20905.951022661175,sx,quannianri
19.5,zd,21886.241909673652,sx,quannianri
20.5,zd,22987.593202918717,sx,quannianri
21.5,zd,23837.644780192335,sx,quannianri
22.5,zd,25251.451505925237,sx,quannianri
23.5,zd,24796.7191200378,sx,quannianri
0.5,zg,12205.259541034544,tj,quannianri
1.5,zg,12768.36218334837,tj,quannianri
2.5,zg,11167.698489716471,tj,quannianri
3.5,zg,9332.401519528164,tj,quannianri
4.5,zg,10958.388257565726,tj,quannianri
5.5,zg,9687.690925958097,tj,quannianri
6.5,zg,10015.52620772445,tj,quannianri
7.5,zg,9734.639019247565,tj,quannianri
8.5,zg,10018.213588330858,tj,quannianri
9.5,zg,10274.426379209823,tj,quannianri
10.5,zg,10305.641013502476,tj,quannianri
11.5,zg,12616.594567309266,tj,quannianri
12.5,zg,12073.540657520314,tj,quannianri
13.5,zg,13457.491667705483,tj,quannianri
14.5,zg,13567.271260751455,tj,quannianri
15.5,zg,12077.706954517962,tj,quannianri
16.5,zg,10355.04655405267,tj,quannianri
17.5,zg,9134.495996957216,tj,quannianri
18.5,zg,9861.958082682571,tj,quannianri
19.5,zg,10372.374847497558,tj,quannianri
20.5,zg,11010.333475940912,tj,quannianri
21.5,zg,11302.364408189107,tj,quannianri
22.5,zg,12935.349792931842,tj,quannianri
23.5,zg,12418.156571600784,tj,quannianri
0.5,zd,8492.537307715129,tj,quannianri
1.5,zd,8982.355756925599,tj,quannianri
2.5,zd,8204.192119671041,tj,quannianri
3.5,zd,6670.013121639625,tj,quannianri
4.5,zd,8019.228793686204,tj,quannianri
5.5,zd,7069.249894506634,tj,quannianri
6.5,zd,7071.039356576768,tj,quannianri
7.5,zd,6908.603258047142,tj,quannianri
8.5,zd,6989.625592896058,tj,quannianri
9.5,zd,7130.924378675013,tj,quannianri
10.5,zd,7498.557963277172,tj,quannianri
11.5,zd,8326.487261178723,tj,quannianri
12.5,zd,8164.3635024370615,tj,quannianri
13.5,zd,9018.689193951861,tj,quannianri
14.5,zd,8712.418652001332,tj,quannianri
15.5,zd,8230.585349609752,tj,quannianri
16.5,zd,7317.37668034051,tj,quannianri
17.5,zd,6534.832024456603,tj,quannianri
18.5,zd,6896.810175600699,tj,quannianri
19.5,zd,7294.306963617342,tj,quannianri
20.5,zd,7899.026306085376,tj,quannianri
21.5,zd,8099.699325558297,tj,quannianri
22.5,zd,9283.475033770588,tj,quannianri
23.5,zd,8908.615996651879,tj,quannianri
0.5,zg,27354.04212795837,xj,quannianri
1.5,zg,26623.0254206057,xj,quannianri
2.5,zg,26028.462463879492,xj,quannianri
3.5,zg,25032.46327185611,xj,quannianri
4.5,zg,25712.35179822327,xj,quannianri
5.5,zg,25896.898738579945,xj,quannianri
6.5,zg,25214.545917332984,xj,quannianri
7.5,zg,25387.923278351172,xj,quannianri
8.5,zg,25297.11332140974,xj,quannianri
9.5,zg,24451.004039658616,xj,quannianri
10.5,zg,25939.426667146643,xj,quannianri
11.5,zg,27498.28240385272,xj,quannianri
12.5,zg,28045.949647804417,xj,quannianri
13.5,zg,28162.483887766048,xj,quannianri
14.5,zg,28518.550759956124,xj,quannianri
15.5,zg,26945.587024685894,xj,quannianri
16.5,zg,25601.78123820697,xj,quannianri
17.5,zg,24875.205711856866,xj,quannianri
18.5,zg,25856.925169681257,xj,quannianri
19.5,zg,27063.85597679278,xj,quannianri
20.5,zg,27940.632833200918,xj,quannianri
21.5,zg,27964.650678579885,xj,quannianri
22.5,zg,28743.195942747454,xj,quannianri
23.5,zg,28747.583946972052,xj,quannianri
0.5,zd,25022.4391301454,xj,quannianri
1.5,zd,24244.116966594505,xj,quannianri
2.5,zd,23983.946024938687,xj,quannianri
3.5,zd,23087.021859126235,xj,quannianri
4.5,zd,23442.025908523585,xj,quannianri
5.5,zd,23477.281095785715,xj,quannianri
6.5,zd,22872.116104665285,xj,quannianri
7.5,zd,22711.193100465105,xj,quannianri
8.5,zd,22656.69552265382,xj,quannianri
9.5,zd,22084.150377827664,xj,quannianri
10.5,zd,23254.65052800956,xj,quannianri
11.5,zd,24752.252680706843,xj,quannianri
12.5,zd,25220.649070749274,xj,quannianri
13.5,zd,25601.28224207343,xj,quannianri
14.5,zd,25429.718206705482,xj,quannianri
15.5,zd,24203.89396757889,xj,quannianri
16.5,zd,23011.45390753326,xj,quannianri
17.5,zd,22673.434265257212,xj,quannianri
18.5,zd,23144.821963128616,xj,quannianri
19.5,zd,24248.389721871008,xj,quannianri
20.5,zd,25383.731126097773,xj,quannianri
21.5,zd,25449.895644609125,xj,quannianri
22.5,zd,26049.789821614882,xj,quannianri
23.5,zd,26123.701820089824,xj,quannianri
0.5,zg,1076.6404368803203,xz,quannianri
1.5,zg,933.6754056720027,xz,quannianri
2.5,zg,819.4920099974707,xz,quannianri
3.5,zg,791.4652232592734,xz,quannianri
4.5,zg,937.6083013938846,xz,quannianri
5.5,zg,945.4471461790396,xz,quannianri
6.5,zg,938.8473098836968,xz,quannianri
7.5,zg,840.9704140464863,xz,quannianri
8.5,zg,917.9687158707042,xz,quannianri
9.5,zg,828.9731180477112,xz,quannianri
10.5,zg,820.478163747795,xz,quannianri
11.5,zg,855.5201595742067,xz,quannianri
12.5,zg,862.9347804580792,xz,quannianri
13.5,zg,853.8793043671667,xz,quannianri
14.5,zg,853.7512734760206,xz,quannianri
15.5,zg,855.5794600235841,xz,quannianri
16.5,zg,882.912553725205,xz,quannianri
17.5,zg,886.6270681384161,xz,quannianri
18.5,zg,1042.7372010378988,xz,quannianri
19.5,zg,1099.696316626966,xz,quannianri
20.5,zg,1204.103642052471,xz,quannianri
21.5,zg,1194.8931007029657,xz,quannianri
22.5,zg,1255.4871567329142,xz,quannianri
23.5,zg,1347.2198594750878,xz,quannianri
0.5,zd,683.1892747735955,xz,quannianri
1.5,zd,584.3654321953215,xz,quannianri
2.5,zd,499.9416272621264,xz,quannianri
3.5,zd,499.8476195667811,xz,quannianri
4.5,zd,550.5258385662813,xz,quannianri
5.5,zd,573.1005567991361,xz,quannianri
6.5,zd,600.2740106368975,xz,quannianri
7.5,zd,515.8178560638111,xz,quannianri
8.5,zd,572.9285318407824,xz,quannianri
9.5,zd,545.2567077053503,xz,quannianri
10.5,zd,524.8415127020022,xz,quannianri
11.5,zd,554.8306648061705,xz,quannianri
12.5,zd,559.5266935692479,xz,quannianri
13.5,zd,528.9337722012754,xz,quannianri
14.5,zd,536.5154016223345,xz,quannianri
15.5,zd,538.2866767607588,xz,quannianri
16.5,zd,573.0319038485477,xz,quannianri
17.5,zd,586.5439737860113,xz,quannianri
18.5,zd,664.6137992090198,xz,quannianri
19.5,zd,684.3752208584526,xz,quannianri
20.5,zd,754.295410469082,xz,quannianri
21.5,zd,746.8590808205747,xz,quannianri
22.5,zd,745.6864162445747,xz,quannianri
23.5,zd,838.3561429052819,xz,quannianri
0.5,zg,19642.902223615703,yn,quannianri
1.5,zg,19217.825372881485,yn,quannianri
2.5,zg,19226.499632687362,yn,quannianri
3.5,zg,15607.43198147257,yn,quannianri
4.5,zg,18388.061390071118,yn,quannianri
5.5,zg,18306.848631169218,yn,quannianri
6.5,zg,18467.051220493227,yn,quannianri
7.5,zg,18811.975449077177,yn,quannianri
8.5,zg,17816.71568704188,yn,quannianri
9.5,zg,19242.433984511877,yn,quannianri
10.5,zg,18137.387028557056,yn,quannianri
11.5,zg,17531.332800246924,yn,quannianri
12.5,zg,17703.868984887184,yn,quannianri
13.5,zg,18690.700653485215,yn,quannianri
14.5,zg,18559.842718789358,yn,quannianri
15.5,zg,18836.524755206814,yn,quannianri
16.5,zg,19112.048605254124,yn,quannianri
17.5,zg,18133.839296629933,yn,quannianri
18.5,zg,19911.81150120643,yn,quannianri
19.5,zg,20238.68045917066,yn,quannianri
20.5,zg,19889.876894123707,yn,quannianri
21.5,zg,20056.719339001826,yn,quannianri
22.5,zg,20333.885522508932,yn,quannianri
23.5,zg,20385.039705316878,yn,quannianri
0.5,zd,12026.589823939088,yn,quannianri
1.5,zd,12886.640675966313,yn,quannianri
2.5,zd,12239.68392375485,yn,quannianri
3.5,zd,10123.602631341346,yn,quannianri
4.5,zd,12028.77014924831,yn,quannianri
5.5,zd,12218.468568168031,yn,quannianri
6.5,zd,12459.712216005297,yn,quannianri
7.5,zd,12857.980409134872,yn,quannianri
8.5,zd,12096.30445028035,yn,quannianri
9.5,zd,13097.936564578844,yn,quannianri
10.5,zd,12679.934070641508,yn,quannianri
11.5,zd,11805.188665165404,yn,quannianri
12.5,zd,12091.36515983073,yn,quannianri
13.5,zd,12955.059811278243,yn,quannianri
14.5,zd,12635.879245667558,yn,quannianri
15.5,zd,12990.930057114847,yn,quannianri
16.5,zd,12793.139075071538,yn,quannianri
17.5,zd,12613.367035943218,yn,quannianri
18.5,zd,13060.861893357836,yn,quannianri
19.5,zd,13741.830102407313,yn,quannianri
20.5,zd,13376.136791536705,yn,quannianri
21.5,zd,13522.898086758136,yn,quannianri
22.5,zd,13160.068666249317,yn,quannianri
23.5,zd,13459.894175658546,yn,quannianri
0.5,zg,65189.408907490884,zj,quannianri
1.5,zg,64995.15985602181,zj,quannianri
2.5,zg,42653.557304839596,zj,quannianri
3.5,zg,32416.634405670768,zj,quannianri
4.5,zg,52952.56007352815,zj,quannianri
5.5,zg,56427.8695044732,zj,quannianri
6.5,zg,56251.39220920955,zj,quannianri
7.5,zg,56840.784079162484,zj,quannianri
8.5,zg,57129.88914283606,zj,quannianri
9.5,zg,59298.70910046757,zj,quannianri
10.5,zg,57630.23050665518,zj,quannianri
11.5,zg,62428.794417990444,zj,quannianri
12.5,zg,68769.86168057182,zj,quannianri
13.5,zg,75696.8235501669,zj,quannianri
14.5,zg,76759.2808829684,zj,quannianri
15.5,zg,67229.72900889025,zj,quannianri
16.5,zg,58374.35378513504,zj,quannianri
17.5,zg,51081.66906958751,zj,quannianri
18.5,zg,57270.132879758465,zj,quannianri
19.5,zg,57741.531587825935,zj,quannianri
20.5,zg,57849.16655915021,zj,quannianri
21.5,zg,56702.7157623739,zj,quannianri
22.5,zg,65855.34628428413,zj,quannianri
23.5,zg,61628.222636462044,zj,quannianri
0.5,zd,40117.56098672685,zj,quannianri
1.5,zd,39494.7167522044,zj,quannianri
2.5,zd,28014.6052647115,zj,quannianri
3.5,zd,19480.057714236176,zj,quannianri
4.5,zd,35030.51973293164,zj,quannianri
5.5,zd,36835.844041014796,zj,quannianri
6.5,zd,37929.631138819495,zj,quannianri
7.5,zd,38176.60125436414,zj,quannianri
8.5,zd,38946.80976953811,zj,quannianri
9.5,zd,39874.26400000651,zj,quannianri
10.5,zd,39916.87358667295,zj,quannianri
11.5,zd,40136.18719265502,zj,quannianri
12.5,zd,46493.39068594221,zj,quannianri
13.5,zd,48733.496978498995,zj,quannianri
14.5,zd,51068.44174549155,zj,quannianri
15.5,zd,46709.15019434363,zj,quannianri
16.5,zd,41134.907691336026,zj,quannianri
17.5,zd,37794.44449904694,zj,quannianri
18.5,zd,37779.43587170429,zj,quannianri
19.5,zd,38749.84010039953,zj,quannianri
20.5,zd,38291.14365838976,zj,quannianri
21.5,zd,38370.49061630502,zj,quannianri
22.5,zd,40946.81897652786,zj,quannianri
23.5,zd,39263.092941027106,zj,quannianri
