x,y,p,d,ynorm
0.5,13931.104185870825,cq,gongzuori,0.04099327315704043
1.5,13075.207297884206,cq,gongzuori,0.038474735182205594
2.5,12435.90142367908,cq,gongzuori,0.03659353179857351
3.5,11895.0812940556,cq,gongzuori,0.0350021297814264
4.5,11532.283276947092,cq,gongzuori,0.03393457059747848
5.5,11273.66828669963,cq,gongzuori,0.03317357744171186
6.5,11275.795348728969,cq,gongzuori,0.03317983647427864
7.5,11591.472823705803,cq,gongzuori,0.03410874008368347
8.5,13172.040131351014,cq,gongzuori,0.038759672739194145
9.5,14556.085018607304,cq,gongzuori,0.0428323240788091
10.5,15366.506988888937,cq,gongzuori,0.045217048846994824
11.5,15601.467988913355,cq,gongzuori,0.045908438440148615
12.5,15148.085894989139,cq,gongzuori,0.044574329113796995
13.5,15569.351104631034,cq,gongzuori,0.04581393220483716
14.5,16011.138312440147,cq,gongzuori,0.047113922747250375
15.5,16159.634203383772,cq,gongzuori,0.04755088255595843
16.5,16256.798746500484,cq,gongzuori,0.04783679619238088
17.5,16052.57677364208,cq,gongzuori,0.04723585839115871
18.5,15036.195746842319,cq,gongzuori,0.044245084328504505
19.5,14604.444287189091,cq,gongzuori,0.04297462469476878
20.5,15398.440913286688,cq,gongzuori,0.04531101670972468
21.5,15500.86309780117,cq,gongzuori,0.04561240133301974
22.5,14597.681600503089,cq,gongzuori,0.04295472500419896
23.5,13796.961302633465,cq,gongzuori,0.040598548102855625
0.5,5947.842764975131,cq,jiejiari,0.035169143696612344
1.5,5715.517487849713,cq,jiejiari,0.03379542193253116
2.5,5578.836630122605,cq,jiejiari,0.03298723837490799
3.5,5450.456975175483,cq,jiejiari,0.03222813920047383
4.5,5373.8391402037605,cq,jiejiari,0.03177510374639098
5.5,5500.309986319968,cq,jiejiari,0.03252291627880779
6.5,6013.656058648439,cq,jiejiari,0.03555829271648453
7.5,6733.880909481046,cq,jiejiari,0.03981692769956802
8.5,7126.9543025722305,cq,jiejiari,0.04214114089604728
9.5,7602.548882533305,cq,jiejiari,0.044953295619180905
10.5,7903.463858290416,cq,jiejiari,0.04673258307532951
11.5,8294.045795264008,cq,jiejiari,0.049042064480523125
12.5,7606.055333446166,cq,jiejiari,0.044974028997801084
13.5,7484.034131619717,cq,jiejiari,0.04425252687499141
14.5,7482.850995578885,cq,jiejiari,0.044245531081209225
15.5,7521.193530750615,cq,jiejiari,0.04447224758708051
16.5,7849.8335889834825,cq,jiejiari,0.046415471355623274
17.5,8247.966156720111,cq,jiejiari,0.048769599068528485
18.5,8218.661279813527,cq,jiejiari,0.048596321551340534
19.5,8285.944106347455,cq,jiejiari,0.04899415980769462
20.5,8044.284534378104,cq,jiejiari,0.04756524506531113
21.5,7654.096526494601,cq,jiejiari,0.04525809293298552
22.5,6878.513929148678,cq,jiejiari,0.0406721317883377
23.5,6606.270357420416,cq,jiejiari,0.03906237617223909
0.5,29057.01339668835,fj,gongzuori,0.039069958811616075
1.5,28627.868579815233,fj,gongzuori,0.038492932188454516
2.5,27607.173716687867,fj,gongzuori,0.037120509437458385
3.5,26857.980917605397,fj,gongzuori,0.03611314741430402
4.5,26150.32314238112,fj,gongzuori,0.03516163323928274
5.5,26156.658929299476,fj,gongzuori,0.03517015231626288
6.5,26538.61279313827,fj,gongzuori,0.03568372614865888
7.5,26949.033424320947,fj,gongzuori,0.03623557629708371
8.5,29572.70894188951,fj,gongzuori,0.03976336124204753
9.5,31965.809701861283,fj,gongzuori,0.04298111617259385
10.5,33907.07583357094,fj,gongzuori,0.045591335838766615
11.5,34470.30582547412,fj,gongzuori,0.04634865292035051
12.5,32663.870901329123,fj,gongzuori,0.043919726825342634
13.5,33295.31141565657,fj,gongzuori,0.04476875953734086
14.5,33674.60424671228,fj,gongzuori,0.04527875535434305
15.5,33674.87676448119,fj,gongzuori,0.04527912178078411
16.5,33741.37702061553,fj,gongzuori,0.0453685377931134
17.5,33489.64470034095,fj,gongzuori,0.04503005939375383
18.5,32477.192126868787,fj,gongzuori,0.04366871919666461
19.5,32537.53678113679,fj,gongzuori,0.0437498584082059
20.5,32790.168705327815,fj,gongzuori,0.04408954641185212
21.5,33106.030346809195,fj,gongzuori,0.044514252872711366
22.5,32860.21034728784,fj,gongzuori,0.044183724159204095
23.5,31546.144822110407,fj,gongzuori,0.042416836239804294
0.5,20947.253139349665,fj,jiejiari,0.0376427084121901
1.5,20276.13756877443,fj,jiejiari,0.036436697888233234
2.5,19818.333639022818,fj,jiejiari,0.035614013418677544
3.5,19294.624593684443,fj,jiejiari,0.03467289590053068
4.5,19286.050540271877,fj,jiejiari,0.03465748812413285
5.5,19662.600849642535,fj,jiejiari,0.03533415791963616
6.5,21020.7329153963,fj,jiejiari,0.037774753304449536
7.5,21474.329993262043,fj,jiejiari,0.03858987796185136
8.5,22593.889155427772,fj,jiejiari,0.040601752206710404
9.5,23916.903371274588,fj,jiejiari,0.042979239986182104
10.5,25516.345248803977,fj,jiejiari,0.045853474799575585
11.5,25708.973435730542,fj,jiejiari,0.04619963219903071
12.5,23630.959683988243,fj,jiejiari,0.04246539242959691
13.5,23626.41728794377,fj,jiejiari,0.04245722963666853
14.5,24079.88738069304,fj,jiejiari,0.0432721260988182
15.5,24494.918881662863,fj,jiejiari,0.04401794750408555
16.5,25076.253714606482,fj,jiejiari,0.04506261992298321
17.5,25976.876983819122,fj,jiejiari,0.04668106119958761
18.5,26247.169053512873,fj,jiejiari,0.047166782429857
19.5,25821.340372401464,fj,jiejiari,0.04640155823697641
20.5,25509.211296423367,fj,jiejiari,0.045840654918729955
21.5,25389.328211812903,fj,jiejiari,0.04562522218549638
22.5,24253.660609997423,fj,jiejiari,0.0435844006943002
23.5,22853.51869670748,fj,jiejiari,0.04106831262169979
0.5,87014.73405161258,gd,gongzuori,0.03867046399401251
1.5,84029.04060764411,gd,gongzuori,0.037343583528531135
2.5,80202.4992796148,gd,gongzuori,0.03564301947739713
3.5,77352.28442610355,gd,gongzuori,0.03437634743536652
4.5,75046.03947365735,gd,gongzuori,0.03335142259514297
5.5,73573.03212237051,gd,gongzuori,0.032696799233229726
6.5,73580.40552523868,gd,gongzuori,0.03270007606804666
7.5,76847.18810840862,gd,gongzuori,0.03415187615266003
8.5,94606.60248437713,gd,gongzuori,0.0420443877102232
9.5,102506.45780021398,gd,gongzuori,0.04555518474797288
10.5,106676.42075785338,gd,gongzuori,0.04740836977654646
11.5,106795.98837717697,gd,gongzuori,0.04746150716032747
12.5,96096.46495488488,gd,gongzuori,0.04270650170332726
13.5,102862.373526505,gd,gongzuori,0.045713358262245485
14.5,108224.82169995201,gd,gongzuori,0.048096499017327723
15.5,108982.25786811784,gd,gongzuori,0.04843311336647285
16.5,108982.25782672559,gd,gongzuori,0.0484331133480776
17.5,103402.97368601829,gd,gongzuori,0.045953607907681576
18.5,96749.58546683325,gd,gongzuori,0.042996756836740285
19.5,99474.21182234075,gd,gongzuori,0.04420761573927161
20.5,98714.46479645303,gd,gongzuori,0.04386997441531235
21.5,97981.31255020038,gd,gongzuori,0.04354415215256745
22.5,97285.49887902656,gd,gongzuori,0.043234923631548135
23.5,93173.15607861936,gd,gongzuori,0.04140734573997109
0.5,56264.23478770415,gd,jiejiari,0.0463092461476987
1.5,53243.527699527425,gd,jiejiari,0.04382300122471532
2.5,50819.98728554751,gd,jiejiari,0.04182826460378081
3.5,48791.85053292379,gd,jiejiari,0.040158971766993276
4.5,47257.128972555634,gd,jiejiari,0.038895792790589585
5.5,46222.22490357945,gd,jiejiari,0.03804399719698904
6.5,46048.19343460856,gd,jiejiari,0.0379007576032324
7.5,45455.64715234627,gd,jiejiari,0.03741305219423278
8.5,45198.25292250757,gd,jiejiari,0.03720119944636243
9.5,47659.93840894985,gd,jiejiari,0.039227332025255794
10.5,49918.57317016063,gd,jiejiari,0.04108634021241622
11.5,51886.08779064554,gd,jiejiari,0.042705736960688426
12.5,49743.88783085332,gd,jiejiari,0.04094256243943309
13.5,49570.03153738268,gd,jiejiari,0.040799467026884834
14.5,49827.52035675141,gd,jiejiari,0.04101139762829475
15.5,50048.518158769504,gd,jiejiari,0.04119329367025412
16.5,51295.27790216123,gd,jiejiari,0.04221946072045253
17.5,53947.961576651265,gd,jiejiari,0.044402797643054506
18.5,56321.77885965495,gd,jiejiari,0.04635660878583579
19.5,55382.92940269506,gd,jiejiari,0.04558387259272773
20.5,54633.84996034978,gd,jiejiari,0.044967329874060394
21.5,53951.72541257825,gd,jiejiari,0.04440589553294957
22.5,52272.52453443643,gd,jiejiari,0.04302380036910856
23.5,49205.97197681595,gd,jiejiari,0.040499821543989324
0.5,11115.104972619552,gs,gongzuori,0.03894010955729562
1.5,11070.195947964192,gs,gongzuori,0.038782777499298975
2.5,10923.809220354558,gs,gongzuori,0.03826993347084445
3.5,10947.812656744249,gs,gongzuori,0.038354025923868384
4.5,10757.929016237746,gs,gongzuori,0.03768879695997865
5.5,10853.420955691588,gs,gongzuori,0.03802333870234916
6.5,11508.651752298318,gs,gongzuori,0.0403188418998477
7.5,12014.560377411704,gs,gongzuori,0.04209121717983152
8.5,11384.39130512491,gs,gongzuori,0.039883513989001106
9.5,11976.71713374889,gs,gongzuori,0.041958639029839824
10.5,12133.28597342228,gs,gongzuori,0.04250715456659445
11.5,12505.431691580001,gs,gongzuori,0.04381091148765255
12.5,12482.210649195998,gs,gongzuori,0.0437295600351296
13.5,12001.93108889404,gs,gongzuori,0.0420469723544592
14.5,12215.21139104933,gs,gongzuori,0.04279416802672668
15.5,12054.403567038858,gs,gongzuori,0.04223080184169619
16.5,12508.787030348398,gs,gongzuori,0.04382266641570452
17.5,12839.515278710282,gs,gongzuori,0.04498132341954108
18.5,12928.023926008915,gs,gongzuori,0.045291400241223544
19.5,12510.635692387754,gs,gongzuori,0.04382914292694974
20.5,12622.824127413574,gs,gongzuori,0.044222178346923595
21.5,12222.52860294739,gs,gongzuori,0.04281980278534266
22.5,12114.465260478188,gs,gongzuori,0.042441219010808454
23.5,11749.182183876985,gs,gongzuori,0.04116150432909235
0.5,11016.080234214834,gs,jiejiari,0.03976803769521925
1.5,10965.489239464452,gs,jiejiari,0.03958540425905172
2.5,10795.057995026798,gs,jiejiari,0.038970147651516414
3.5,10776.241024708841,gs,jiejiari,0.03890221840908133
4.5,10807.312335663168,gs,jiejiari,0.03901438580792014
5.5,11061.464064653486,gs,jiejiari,0.03993187327387018
6.5,10936.093052934391,gs,jiejiari,0.03947928405756732
7.5,11598.056951999908,gs,jiejiari,0.04186897301509225
8.5,11557.172453470064,gs,jiejiari,0.04172138001975121
9.5,11765.224457482294,gs,jiejiari,0.042472447528539556
10.5,11676.248527931453,gs,jiejiari,0.042151244519382534
11.5,11968.136666299302,gs,jiejiari,0.04320496038224882
12.5,11978.187405354429,gs,jiejiari,0.04324124353933474
13.5,11753.701096830422,gs,jiejiari,0.042430848209086894
14.5,11874.426019859595,gs,jiejiari,0.04286666505025924
15.5,11430.719099274971,gs,jiejiari,0.04126488354828413
16.5,11477.40548524175,gs,jiejiari,0.041433421350978585
17.5,12082.910691548253,gs,jiejiari,0.04361929448889013
18.5,12314.40284624219,gs,jiejiari,0.04445498091621145
19.5,12339.46815408458,gs,jiejiari,0.04454546665033151
20.5,12098.486950505521,gs,jiejiari,0.04367552476682866
21.5,11689.311484810993,gs,jiejiari,0.04219840177954691
22.5,11639.928929816379,gs,jiejiari,0.04202013080958678
23.5,11406.868322893466,gs,jiejiari,0.04117878227142033
0.5,15822.083588054114,gx,gongzuori,0.03777941321423746
1.5,14949.660873676341,gx,gongzuori,0.03569627302346957
2.5,14333.92715455175,gx,gongzuori,0.034226045763242584
3.5,13896.161949040265,gx,gongzuori,0.03318076544363153
4.5,13496.715731942128,gx,gongzuori,0.03222698185320679
5.5,13593.859867060331,gx,gongzuori,0.03245893919318326
6.5,14435.559011082167,gx,gongzuori,0.03446871872614436
7.5,14855.824418718696,gx,gongzuori,0.03547221364553273
8.5,16671.412022915156,gx,gongzuori,0.039807409698811906
9.5,18078.036138467654,gx,gongzuori,0.043166097156302756
10.5,19047.589884338955,gx,gongzuori,0.04548116339867422
11.5,19391.037699028948,gx,gongzuori,0.04630123597865329
12.5,18301.092459135343,gx,gongzuori,0.04369870317254922
13.5,18835.227405917507,gx,gongzuori,0.04497409176181718
14.5,19512.863197508344,gx,gongzuori,0.04659212660765733
15.5,19785.453339065214,gx,gongzuori,0.04724300773457666
16.5,19859.920760604018,gx,gongzuori,0.04742081841757908
17.5,19815.325252278693,gx,gongzuori,0.047314334835493
18.5,18725.883034579576,gx,gongzuori,0.04471300312804548
19.5,18887.39554899667,gx,gongzuori,0.04509865701411399
20.5,19790.167904231206,gx,gongzuori,0.04725426500701744
21.5,19784.741687618112,gx,gongzuori,0.047241308478348176
22.5,19118.972290289556,gx,gongzuori,0.04565160779025045
23.5,17812.81813363156,gx,gongzuori,0.04253281895746152
0.5,12895.1888513351,gx,jiejiari,0.0381990017154786
1.5,12332.108541708685,gx,jiejiari,0.03653100708885127
2.5,11863.262980139589,gx,jiejiari,0.03514216101477317
3.5,11465.89756201953,gx,jiejiari,0.033965058262465014
4.5,11370.939825450203,gx,jiejiari,0.0336837680243826
5.5,11658.55367026317,gx,jiejiari,0.03453575723354168
6.5,12420.449762837212,gx,jiejiari,0.036792697436805084
7.5,13495.86929831835,gx,jiejiari,0.03997837801537606
8.5,13732.100806159731,gx,jiejiari,0.04067815898619517
9.5,14264.422712265085,gx,jiejiari,0.04225503898686301
10.5,14836.351754918394,gx,jiejiari,0.043949245929724795
11.5,15041.172001567458,gx,jiejiari,0.04455597833537718
12.5,14267.700050635098,gx,jiejiari,0.04226474734053364
13.5,14122.94234892874,gx,jiejiari,0.04183593627312245
14.5,14435.626047082887,gx,jiejiari,0.042762189099652854
15.5,14827.771651386945,gx,jiejiari,0.04392382936597414
16.5,15179.269564383743,gx,jiejiari,0.04496506028832404
17.5,16179.790309822998,gx,jiejiari,0.047928870598666955
18.5,16260.688763138309,gx,jiejiari,0.04816851347575837
19.5,16818.555667590797,gx,jiejiari,0.049821064600512395
20.5,16225.429279674734,gx,jiejiari,0.048064065445966815
21.5,15637.264900323591,gx,jiejiari,0.04632176508923404
22.5,14840.33519442574,gx,jiejiari,0.04396104594400368
23.5,13407.51922619874,gx,jiejiari,0.03971666144841704
0.5,10821.23084595022,gz,gongzuori,0.034215701056372214
1.5,10264.037046103706,gz,gongzuori,0.03245390734201418
2.5,9986.870156817815,gz,gongzuori,0.03157753204224134
3.5,9744.64568818087,gz,gongzuori,0.03081164134779026
4.5,9885.42275957066,gz,gongzuori,0.03125676503647557
5.5,9971.2020821789,gz,gongzuori,0.03152799108284349
6.5,10933.904530875589,gz,gongzuori,0.034571964514310466
7.5,12506.311518620576,gz,gongzuori,0.03954376561508524
8.5,14038.274281846883,gz,gongzuori,0.04438768593082844
9.5,15042.865746174733,gz,gongzuori,0.04756410843918744
10.5,15554.22704514481,gz,gongzuori,0.04918098415198182
11.5,15696.22010607882,gz,gongzuori,0.04962995268376538
12.5,14369.609769122875,gz,gongzuori,0.04543533717710469
13.5,14080.203577954955,gz,gongzuori,0.04452026237075115
14.5,14108.405869937787,gz,gongzuori,0.04460943533132525
15.5,13937.255570233378,gz,gongzuori,0.04406827438819777
16.5,14534.747301782625,gz,gongzuori,0.04595748632363986
17.5,15354.535764747423,gz,gongzuori,0.04854957934684376
18.5,15101.577739556757,gz,gongzuori,0.047749750169096085
19.5,15044.137121525466,gz,gongzuori,0.04756812840692959
20.5,15191.642925231377,gz,gongzuori,0.048034527706189545
21.5,14532.446150492522,gz,gongzuori,0.04595021030247844
22.5,13428.27098153937,gz,gongzuori,0.04245891360688034
23.5,12137.018296631184,gz,gongzuori,0.038376095627667646
0.5,10035.820109546776,gz,jiejiari,0.03524174108368496
1.5,9602.123303260214,gz,jiejiari,0.03371877331531766
2.5,9234.00802064287,gz,jiejiari,0.032426101332625676
3.5,9051.461503718867,gz,jiejiari,0.031785071798921254
4.5,8963.892945939311,gz,jiejiari,0.0314775664424429
5.5,9054.076490398154,gz,jiejiari,0.03179425457446753
6.5,9616.315956450277,gz,jiejiari,0.03376861217288536
7.5,11289.782523185728,gz,jiejiari,0.03964514989609465
8.5,12576.417297484624,gz,jiejiari,0.04416329082430573
9.5,13393.143914547929,gz,jiejiari,0.04703130436585164
10.5,13744.890790776732,gz,jiejiari,0.048266497125759554
11.5,13551.399346875802,gz,jiejiari,0.0475870334353554
12.5,12542.67527202582,gz,jiejiari,0.04404480247837303
13.5,12338.843533860982,gz,jiejiari,0.04332902785680431
14.5,12294.703429899751,gz,jiejiari,0.04317402566483308
15.5,12418.290114889713,gz,jiejiari,0.043608012115991565
16.5,12849.181589254948,gz,jiejiari,0.04512112869331059
17.5,13669.713291604194,gz,jiejiari,0.04800250415535575
18.5,14123.022167080617,gz,jiejiari,0.049594341578316284
19.5,14478.9186178046,gz,jiejiari,0.05084410596549236
20.5,13609.331904620165,gz,jiejiari,0.04779046914644395
21.5,13143.894298363748,gz,jiejiari,0.04615604052663487
22.5,12130.785127730189,gz,jiejiari,0.04259841088687969
23.5,11058.14555810648,gz,jiejiari,0.0388317345638521
0.5,48952.848375095135,ha,gongzuori,0.0407910244591933
1.5,47454.1316780414,ha,gongzuori,0.03954218621022182
2.5,45822.2976803723,ha,gongzuori,0.03818242507840322
3.5,44206.71474889115,ha,gongzuori,0.03683620550055675
4.5,43290.80584836899,ha,gongzuori,0.036073004510140026
5.5,42797.42591601029,ha,gongzuori,0.035661884962319035
6.5,44730.117340423596,ha,gongzuori,0.037272342081407214
7.5,44863.16498873689,ha,gongzuori,0.03738320692496036
8.5,45768.16220587909,ha,gongzuori,0.038137315518133263
9.5,47901.995403792556,ha,gongzuori,0.039915378390000984
10.5,50536.78758824607,ha,gongzuori,0.04211087622124901
11.5,54228.35360292118,ha,gongzuori,0.04518695380602033
12.5,55626.828994050324,ha,gongzuori,0.046352263808985356
13.5,55812.430923482934,ha,gongzuori,0.04650692064907662
14.5,54922.61244855965,ha,gongzuori,0.04576546007263132
15.5,54783.66365820146,ha,gongzuori,0.04564967797426092
16.5,53816.887829456326,ha,gongzuori,0.04484409101076642
17.5,53416.002859970926,ha,gongzuori,0.04451004490030717
18.5,51574.160645334465,ha,gongzuori,0.04297528985905744
19.5,51286.0093342383,ha,gongzuori,0.04273518151870493
20.5,53595.7251588385,ha,gongzuori,0.044659802410489134
21.5,53824.70805062605,ha,gongzuori,0.04485060737995839
22.5,52428.261943137244,ha,gongzuori,0.043686988321674926
23.5,48448.62386514173,ha,gongzuori,0.040370868431481986
0.5,29787.98812704596,ha,jiejiari,0.03852764797029561
1.5,30309.68324501844,ha,jiejiari,0.039202406056250944
2.5,29857.941040280384,ha,jiejiari,0.0386181247491938
3.5,29562.09031052549,ha,jiejiari,0.03823547276480543
4.5,28920.616261088006,ha,jiejiari,0.03740579315524603
5.5,29392.59575422365,ha,jiejiari,0.0380162492788074
6.5,32398.402458394605,ha,jiejiari,0.041903945959467295
7.5,33471.867881956074,ha,jiejiari,0.0432923612418579
8.5,31453.328405997916,ha,jiejiari,0.04068159149090416
9.5,31628.79639659297,ha,jiejiari,0.04090854098957015
10.5,32437.734161912736,ha,jiejiari,0.04195481740539227
11.5,33898.19771922999,ha,jiejiari,0.04384377430875145
12.5,32944.498232642676,ha,jiejiari,0.04261026374294972
13.5,32554.32295214925,ha,jiejiari,0.04210561281488273
14.5,32809.76092688765,ha,jiejiari,0.04243599512626921
15.5,33004.538341503685,ha,jiejiari,0.042687919345887025
16.5,32783.07320780692,ha,jiejiari,0.04240147735214203
17.5,34729.89722326208,ha,jiejiari,0.04491949065359999
18.5,35545.243529648214,ha,jiejiari,0.045974055847205805
19.5,35393.121518956155,ha,jiejiari,0.04577730193245734
20.5,34547.622683636706,ha,jiejiari,0.0446837375954652
21.5,33282.556635170535,ha,jiejiari,0.043047506938778984
22.5,31868.89668379691,ha,jiejiari,0.04121908560586
23.5,30575.975832277156,ha,jiejiari,0.03954682767395959
0.5,29402.50867802588,hb,gongzuori,0.04006781237523235
1.5,29079.360113821436,hb,gongzuori,0.03962744668461542
2.5,28309.46718409057,hb,gongzuori,0.038578287043331855
3.5,27317.754100845203,hb,gongzuori,0.037226845430486245
4.5,26519.190980056304,hb,gongzuori,0.03613861593129856
5.5,26103.758739703473,hb,gongzuori,0.035572492093249336
6.5,26327.07290529191,hb,gongzuori,0.03587681000657814
7.5,26341.427697975483,hb,gongzuori,0.035896371777521884
8.5,28832.22162613316,hb,gongzuori,0.03929066254609757
9.5,30647.591453110334,hb,gongzuori,0.0417645296033443
10.5,31667.232532694565,hb,gongzuori,0.04315402965975933
11.5,32505.973735608794,hb,gongzuori,0.044297011216801095
12.5,33179.75083994697,hb,gongzuori,0.04521519050874449
13.5,33992.15363717565,hb,gongzuori,0.046322279812209266
14.5,34085.94071458865,hb,gongzuori,0.046450086696382176
15.5,33983.55867381205,hb,gongzuori,0.046310567159279004
16.5,33594.00968167326,hb,gongzuori,0.0457797153160265
17.5,32244.68321175954,hb,gongzuori,0.0439409416106439
18.5,30171.302065091655,hb,gongzuori,0.04111547363181391
19.5,30178.562492858255,hb,gongzuori,0.041125367667071304
20.5,33048.986587538086,hb,gongzuori,0.0450369935532302
21.5,33347.65353350185,hb,gongzuori,0.04544399729854338
22.5,32741.172015144257,hb,gongzuori,0.044617524021970244
23.5,30197.334079746848,hb,gongzuori,0.04115094835576946
0.5,16390.923154333672,hb,jiejiari,0.039012067237721416
1.5,15614.408356187938,hb,jiejiari,0.03716388289623497
2.5,15334.027015415357,hb,jiejiari,0.03649654673612795
3.5,15222.444493385507,hb,jiejiari,0.0362309689641504
4.5,15302.309182489253,hb,jiejiari,0.03642105506191917
5.5,15776.381658638524,hb,jiejiari,0.037549395860112626
6.5,16532.146624385816,hb,jiejiari,0.03934819348621535
7.5,17369.499623142277,hb,jiejiari,0.04134117894417949
8.5,17968.982681660556,hb,jiejiari,0.04276800970694874
9.5,18429.337627723657,hb,jiejiari,0.04386370138580838
10.5,18475.255063721626,hb,jiejiari,0.04397298956217708
11.5,18429.082991754196,hb,jiejiari,0.043863095326255284
12.5,17886.75810623339,hb,jiejiari,0.04257230683927288
13.5,17753.680207230555,hb,jiejiari,0.04225556787985797
14.5,18077.32246677981,hb,jiejiari,0.043025869434664875
15.5,18172.473613171143,hb,jiejiari,0.04325233885837049
16.5,18868.436007432352,hb,jiejiari,0.044908800270836165
17.5,19662.740001433373,hb,jiejiari,0.046799324711063656
18.5,19208.082207027794,hb,jiejiari,0.04571719283365228
19.5,19108.253728279215,hb,jiejiari,0.04547959088234613
20.5,18622.577294277573,hb,jiejiari,0.04432363148209482
21.5,18087.564948982992,hb,jiejiari,0.04305024758595198
22.5,17536.851331204587,hb,jiejiari,0.04173949306143824
23.5,16320.541190615593,hb,jiejiari,0.0388445509925997
0.5,23054.94187478104,he,gongzuori,0.036052963226803084
1.5,22096.667844091073,he,gongzuori,0.034554429048000525
2.5,21573.73022352825,he,gongzuori,0.0337366672463676
3.5,21096.467841533737,he,gongzuori,0.03299033167974418
4.5,20795.833351004625,he,gongzuori,0.03252020409102053
5.5,20976.976295111963,he,gongzuori,0.032803472638743066
6.5,22869.979266561742,he,gongzuori,0.03576372154713707
7.5,23463.195882891185,he,gongzuori,0.036691384560568856
8.5,25387.290283679926,he,gongzuori,0.039700253767583196
9.5,27378.114684897417,he,gongzuori,0.042813474322115526
10.5,28920.288977339504,he,gongzuori,0.04522510274246537
11.5,31269.936111507104,he,gongzuori,0.048899444763547226
12.5,29677.881281370006,he,gongzuori,0.046409813926144294
13.5,29526.240239060407,he,gongzuori,0.046172679998340196
14.5,29970.28568949742,he,gongzuori,0.046867071438691066
15.5,30069.118862335425,he,gongzuori,0.04702162523306929
16.5,29929.431261810256,he,gongzuori,0.046803183913532366
17.5,29796.085938790024,he,gongzuori,0.046594660549933116
18.5,29846.297871852028,he,gongzuori,0.04667318119796005
19.5,29280.07203560614,he,gongzuori,0.045787725950962914
20.5,29439.83155841603,he,gongzuori,0.04603755543360833
21.5,29110.298215537023,he,gongzuori,0.045522236264410244
22.5,28233.527839254202,he,gongzuori,0.04415115624581119
23.5,25711.763643679322,he,gongzuori,0.040207660213440764
0.5,18627.314216282386,he,jiejiari,0.03701219025302495
1.5,17961.944715643018,he,jiejiari,0.03569011116742613
2.5,17606.502981804995,he,jiejiari,0.03498385384423252
3.5,17246.229378070457,he,jiejiari,0.03426799566898846
4.5,17292.27929943786,he,jiejiari,0.03435949616288668
5.5,17590.627325504774,he,jiejiari,0.03495230915643948
6.5,20456.24290040746,he,jiejiari,0.04064624375263687
7.5,21675.952511836265,he,jiejiari,0.04306978821360832
8.5,21547.01749023497,he,jiejiari,0.04281359628521891
9.5,22041.344006145224,he,jiejiari,0.04379581555964294
10.5,22424.613240895327,he,jiejiari,0.044557365704231265
11.5,23390.21852144008,he,jiejiari,0.04647600872157018
12.5,20459.642547648575,he,jiejiari,0.040652998800037705
13.5,20588.69712625106,he,jiejiari,0.04090942828637148
14.5,21496.85433742183,he,jiejiari,0.0427139228629502
15.5,22432.64639879552,he,jiejiari,0.044573327466892396
16.5,23023.02943685132,he,jiejiari,0.04574640959096907
17.5,24092.072173830722,he,jiejiari,0.04787058126221889
18.5,24958.936463669987,he,jiejiari,0.04959302743167464
19.5,22603.47487416993,he,jiejiari,0.04491276105123946
20.5,22448.352175394262,he,jiejiari,0.04460453460630039
21.5,22366.2645868087,he,jiejiari,0.04444142781533398
22.5,21346.597757184445,he,jiejiari,0.042415365321592256
23.5,19598.258110457882,he,jiejiari,0.03894144101451281
0.5,3633.0099611572814,hi,gongzuori,0.04387372110285008
1.5,3423.770675619,hi,gongzuori,0.041346861513799606
2.5,3254.1062503540657,hi,gongzuori,0.03929792419880863
3.5,3129.797498980204,hi,gongzuori,0.037796720638474036
4.5,3059.1430564033412,hi,gongzuori,0.036943468557847435
5.5,3040.502062344361,hi,gongzuori,0.03671835225396506
6.5,3107.235758527681,hi,gongzuori,0.03752425579009978
7.5,3185.1247069429883,hi,gongzuori,0.038464874735906054
8.5,3421.328250903452,hi,gongzuori,0.04131736578933687
9.5,3733.514445614528,hi,gongzuori,0.04508745455467313
10.5,3847.3966967365864,hi,gongzuori,0.046462743413694683
11.5,3658.7655926793464,hi,gongzuori,0.04418475669215711
12.5,3465.8805131130634,hi,gongzuori,0.04185539721440428
13.5,3399.006535730227,hi,gongzuori,0.04104779958486234
14.5,3374.4038812264826,hi,gongzuori,0.04075068781978939
15.5,3412.1658622118644,hi,gongzuori,0.041206717018651265
16.5,3556.15724621547,hi,gongzuori,0.04294561613826039
17.5,3719.2557845848974,hi,gongzuori,0.04491526110516362
18.5,3594.9100584641574,hi,gongzuori,0.043413611022592724
19.5,3770.431824829292,hi,gongzuori,0.04553328399550428
20.5,3770.2164247464734,hi,gongzuori,0.04553068273559578
21.5,3631.1699033697487,hi,gongzuori,0.04385149980892398
22.5,3402.171588981192,hi,gongzuori,0.041086022068448455
23.5,3216.5949437013837,hi,gongzuori,0.03884492224619108
0.5,2840.1588540103016,hi,jiejiari,0.03940561382761293
1.5,2667.2721081720674,hi,jiejiari,0.03700690703246498
2.5,2565.667334899759,hi,jiejiari,0.03559719769421533
3.5,2464.824102427781,hi,jiejiari,0.034198054308165644
4.5,2389.9437145783863,hi,jiejiari,0.03315913085404661
5.5,2447.835521478632,hi,jiejiari,0.03396234725980247
6.5,2591.7057227173464,hi,jiejiari,0.03595846574567825
7.5,2750.5210154988517,hi,jiejiari,0.0381619390086018
8.5,2862.6072596799404,hi,jiejiari,0.039717072886888555
9.5,3111.452053674956,hi,jiejiari,0.04316965506951316
10.5,3236.208787524397,hi,jiejiari,0.04490058489744296
11.5,3190.5785598413886,hi,jiejiari,0.044267491037779515
12.5,3116.185698449755,hi,jiejiari,0.043235331740284384
13.5,3060.2342603923366,hi,jiejiari,0.042459036865764584
14.5,3042.47060693696,hi,jiejiari,0.042212576120358836
15.5,3076.3827186928347,hi,jiejiari,0.04268308768278217
16.5,3215.2485780356797,hi,jiejiari,0.04460977372690156
17.5,3482.2974020940846,hi,jiejiari,0.04831492663379086
18.5,3513.7494442511083,hi,jiejiari,0.04875130610798099
19.5,3598.634844648608,hi,jiejiari,0.04992904350916301
20.5,3444.8233276771953,hi,jiejiari,0.047794994833872666
21.5,3310.6939111072106,hi,jiejiari,0.045934024281180943
22.5,3140.0094897100676,hi,jiejiari,0.04356587350451985
23.5,2955.475330549682,hi,jiejiari,0.041005565371187866
0.5,7557.252681420228,hl,gongzuori,0.03370260121595728
1.5,7472.1942853455075,hl,gongzuori,0.0333232716733547
2.5,7386.321911199777,hl,gongzuori,0.03294031208429447
3.5,7385.544209383436,hl,gongzuori,0.03293684381675255
4.5,7754.45677944014,hl,gongzuori,0.03458205984383375
5.5,8960.596573848581,hl,gongzuori,0.039961005105460905
6.5,9726.142014185443,hl,gongzuori,0.0433750596271259
7.5,9584.012417880715,hl,gongzuori,0.042741213266924136
8.5,9919.671681902646,hl,gongzuori,0.044238131630866796
9.5,10123.049596455576,hl,gongzuori,0.04514512323737509
10.5,10652.97160994081,hl,gongzuori,0.04750838288329891
11.5,10510.232042733975,hl,gongzuori,0.04687181627449177
12.5,9709.318330079015,hl,gongzuori,0.04330003210848594
13.5,9821.555430299875,hl,gongzuori,0.043800568796861984
14.5,9803.68167955215,hl,gongzuori,0.0437208583625179
15.5,10011.941626717111,hl,gongzuori,0.04464962206070854
16.5,10906.644809167201,hl,gongzuori,0.048639673185887605
17.5,10834.251703947226,hl,gongzuori,0.0483168262388731
18.5,10137.532529897819,hl,gongzuori,0.04520971185850737
19.5,10425.33698776346,hl,gongzuori,0.046493215173867945
20.5,10018.711273197303,hl,gongzuori,0.0446798122244245
21.5,9267.311968029679,hl,gongzuori,0.0413288443259616
22.5,8500.028635242072,hl,gongzuori,0.037907039435387056
23.5,7764.7526237652455,hl,gongzuori,0.03462797556878017
0.5,7326.914190725728,hl,jiejiari,0.034740985755696785
1.5,7172.764837364934,hl,jiejiari,0.03401007771583795
2.5,7183.600199095614,hl,jiejiari,0.03406145420773407
3.5,7122.020757066937,hl,jiejiari,0.03376947173562188
4.5,7323.678734272182,hl,jiejiari,0.03472564465252021
5.5,8142.615301293998,hl,jiejiari,0.038608679565872474
6.5,9320.168985182861,hl,jiejiari,0.04419211819960639
7.5,9221.0724492871,hl,jiejiari,0.04372224626547738
8.5,9037.110038572186,hl,jiejiari,0.04284997789657522
9.5,9139.438646749773,hl,jiejiari,0.043335174887635615
10.5,9445.679629081213,hl,jiejiari,0.04478723414860716
11.5,9491.745019402208,hl,jiejiari,0.045005655850747193
12.5,8862.299269743598,hl,jiejiari,0.042021102564924195
13.5,8951.729126773638,hl,jiejiari,0.04244513938429179
14.5,8927.34822154722,hl,jiejiari,0.04232953591752073
15.5,9304.175515856808,hl,jiejiari,0.04411628424337637
16.5,10114.181507730349,hl,jiejiari,0.04795697432015212
17.5,10557.919672217917,hl,jiejiari,0.05006098439184571
18.5,10157.612766303373,hl,jiejiari,0.04816290613485077
19.5,9926.440848653921,hl,jiejiari,0.047066791168970265
20.5,9501.669221652224,hl,jiejiari,0.045052712027471756
21.5,8974.99199387453,hl,jiejiari,0.04255544160887792
22.5,8165.246453380352,hl,jiejiari,0.03871598647732263
23.5,7530.736479051376,hl,jiejiari,0.03570742087846345
0.5,21213.345456054798,hn,gongzuori,0.04042821873713382
1.5,19939.64180121012,hn,gongzuori,0.03800080482116189
2.5,18997.103344088337,hn,gongzuori,0.03620452280653963
3.5,18084.0847809968,hn,gongzuori,0.0344644995623892
4.5,17619.57285224561,hn,gongzuori,0.03357923656130037
5.5,17242.319922280407,hn,gongzuori,0.032860271040116885
6.5,17809.842048385235,hn,gongzuori,0.03394185002537687
7.5,18329.990155790925,hn,gongzuori,0.034933143996686865
8.5,20131.160039394133,hn,gongzuori,0.038365798699260635
9.5,21911.31208493159,hn,gongzuori,0.041758397779468555
10.5,23387.40264488495,hn,gongzuori,0.044571518989286026
11.5,24973.14350576308,hn,gongzuori,0.047593610837872495
12.5,23982.66355902026,hn,gongzuori,0.04570596232789954
13.5,24562.396878971595,hn,gongzuori,0.046810813305636655
14.5,24335.534974015998,hn,gongzuori,0.04637846175902806
15.5,23896.776099995117,hn,gongzuori,0.04554227871715374
16.5,23797.586809006876,hn,gongzuori,0.04535324458480715
17.5,23640.23572163556,hn,gongzuori,0.045053366180811336
18.5,22386.627402394763,hn,gongzuori,0.042664249789625054
19.5,23005.935653141707,hn,gongzuori,0.04384452234393651
20.5,24892.19017918325,hn,gongzuori,0.047439330656029045
21.5,24471.860018081174,hn,gongzuori,0.04663826890317859
22.5,23869.361154987102,hn,gongzuori,0.045490031541160374
23.5,22236.21550369342,hn,gongzuori,0.04237759603414068
0.5,11590.973599048399,hn,jiejiari,0.036122620344030715
1.5,11082.875467646007,hn,jiejiari,0.034539160961493
2.5,10847.375747401655,hn,jiejiari,0.03380523926692452
3.5,10540.652219706144,hn,jiejiari,0.032849352563633576
4.5,10632.18796025662,hn,jiejiari,0.03313461857477228
5.5,11060.713076757764,hn,jiejiari,0.03447009311096855
6.5,12518.11363696355,hn,jiejiari,0.03901200036971801
7.5,13232.836926905615,hn,jiejiari,0.04123939549170615
8.5,13626.094629058385,hn,jiejiari,0.0424649611054003
9.5,14267.85686425009,hn,jiejiari,0.04446497718471134
10.5,14789.881715292664,hn,jiejiari,0.04609183840937225
11.5,15478.201228626162,hn,jiejiari,0.048236947639676696
12.5,14220.452594274151,hn,jiejiari,0.04431724443108249
13.5,13494.485596118828,hn,jiejiari,0.04205480892188477
14.5,13447.819564271202,hn,jiejiari,0.04190937684605529
15.5,13049.281767633895,hn,jiejiari,0.04066735611348647
16.5,14222.236668798074,hn,jiejiari,0.044322804399461534
17.5,15136.470436084566,hn,jiejiari,0.04717196275524402
18.5,15930.532630180991,hn,jiejiari,0.04964661313053674
19.5,15815.63197236589,hn,jiejiari,0.04928853166274054
20.5,15199.057444704742,hn,jiejiari,0.04736701166390867
21.5,14343.416078033995,hn,jiejiari,0.044700453244568256
22.5,13761.650045458839,hn,jiejiari,0.04288741197204817
23.5,12589.739973106936,hn,jiejiari,0.03923521983657573
0.5,17789.412705738225,jibei,gongzuori,0.03885402517536611
1.5,17827.255939954408,jibei,gongzuori,0.038936678942484496
2.5,17324.46875217111,jibei,gongzuori,0.0378385366724093
3.5,17487.261661853354,jibei,gongzuori,0.038194094211929694
4.5,16977.45548883619,jibei,gongzuori,0.03708062170957009
5.5,17536.772811970895,jibei,gongzuori,0.03830223198493823
6.5,18138.352866092486,jibei,gongzuori,0.03961614869227836
7.5,18356.44931654268,jibei,gongzuori,0.040092495220217225
8.5,18683.377517915374,jibei,gongzuori,0.0408065422085461
9.5,19273.690233806446,jibei,gongzuori,0.04209584981548987
10.5,19921.032179725902,jibei,gongzuori,0.043509715505148754
11.5,20292.97231870127,jibei,gongzuori,0.04432207349371892
12.5,19317.264157401063,jibei,gongzuori,0.042191020035684305
13.5,19524.25414208627,jibei,gongzuori,0.04264310882630601
14.5,19688.829522058844,jibei,gongzuori,0.04300255947610949
15.5,20023.611223951473,jibei,gongzuori,0.043733759369481595
16.5,20453.419893451304,jibei,gongzuori,0.0446725085649483
17.5,20461.64986652108,jibei,gongzuori,0.0446904837272617
18.5,20412.046662298857,jibei,gongzuori,0.044582144898009206
19.5,20414.888352516224,jibei,gongzuori,0.0445883514605907
20.5,20458.957231435274,jibei,gongzuori,0.04468460271740811
21.5,19898.229511610705,jibei,gongzuori,0.043459911981239975
22.5,19106.923219716624,jibei,gongzuori,0.041731612396804514
23.5,18483.92813327024,jibei,gongzuori,0.04037092291405901
0.5,16283.541408615014,jibei,jiejiari,0.039625455212584516
1.5,16224.555937923742,jibei,jiejiari,0.039481916035914166
2.5,15930.816561097037,jibei,jiejiari,0.03876711105408994
3.5,16076.372154388,jibei,jiejiari,0.03912131573832655
4.5,16038.033014424871,jibei,jiejiari,0.03902801871924603
5.5,16335.48424697584,jibei,jiejiari,0.03975185637824204
6.5,17258.532648286644,jibei,jiejiari,0.041998063893386006
7.5,17085.26794969387,jibei,jiejiari,0.04157643002506928
8.5,16932.86252202764,jibei,jiejiari,0.041205556497216925
9.5,17019.172274597924,jibei,jiejiari,0.041415588402995945
10.5,17210.63851928756,jibei,jiejiari,0.04188151512699819
11.5,17125.219306513838,jibei,jiejiari,0.04167365032012832
12.5,16292.521242721145,jibei,jiejiari,0.039647307339542644
13.5,16501.35016557424,jibei,jiejiari,0.0401554855620778
14.5,16761.900783622805,jibei,jiejiari,0.0407895268057493
15.5,17211.154739510966,jibei,jiejiari,0.04188277133170386
16.5,17857.651765681498,jibei,jiejiari,0.04345600029417243
17.5,18348.24390900697,jibei,jiejiari,0.0446498399212639
18.5,19059.09032682714,jibei,jiejiari,0.046379660983250866
19.5,18583.044934205096,jibei,jiejiari,0.04522122038908614
20.5,18167.70259860695,jibei,jiejiari,0.04421049866067715
21.5,17994.680687747783,jibei,jiejiari,0.04378945560821693
22.5,17733.51347056462,jibei,jiejiari,0.04315391389110547
23.5,16905.036092669037,jibei,jiejiari,0.04113784180895556
0.5,6112.190816671948,jl,gongzuori,0.033939002667740435
1.5,5971.745790833602,jl,gongzuori,0.03315915723268024
2.5,5882.732592056003,jl,gongzuori,0.03266489596345796
3.5,5886.699354063919,jl,gongzuori,0.0326869220994879
4.5,5969.92678932274,jl,gongzuori,0.03314905691039295
5.5,6820.277090615842,jl,gongzuori,0.0378707748687689
6.5,7328.376940549452,jl,gongzuori,0.04069208766472064
7.5,7447.316601385157,jl,gongzuori,0.041352520819947475
8.5,7938.545850579109,jl,gongzuori,0.04408015667080977
9.5,8303.97293472267,jl,gongzuori,0.04610925411812504
10.5,8603.021057753223,jl,gongzuori,0.047769770837863684
11.5,8234.459067868109,jl,gongzuori,0.04572326628113103
12.5,8091.027888857285,jl,gongzuori,0.04492683971116735
13.5,8270.98869788994,jl,gongzuori,0.04592610340581319
14.5,8188.6816070093455,jl,gongzuori,0.0454690789671535
15.5,8387.286402447675,jl,gongzuori,0.046571866639263125
16.5,8560.97997561125,jl,gongzuori,0.0475363304166191
17.5,8403.809140567724,jl,gongzuori,0.04666361201664977
18.5,8046.102427793462,jl,gongzuori,0.04467738327424859
19.5,8347.690284914932,jl,gongzuori,0.04635200230928993
20.5,8133.124827690024,jl,gongzuori,0.04516059028640315
21.5,7677.558742467447,jl,gongzuori,0.04263098035676424
22.5,7022.24245779169,jl,gongzuori,0.03899222269999098
23.5,6464.655437268304,jl,gongzuori,0.03589612378151111
0.5,5405.168817793159,jl,jiejiari,0.034951148121066554
1.5,5322.922542208555,jl,jiejiari,0.0344193235181234
2.5,5194.47869595708,jl,jiejiari,0.033588774085366244
3.5,5183.868006571058,jl,jiejiari,0.03352016276370379
4.5,5328.846731900761,jl,jiejiari,0.034457630782597365
5.5,5859.439773073058,jl,jiejiari,0.03788857560581412
6.5,6612.835495280699,jl,jiejiari,0.04276021724519739
7.5,6661.898830427883,jl,jiejiari,0.043077472811461626
8.5,6713.755614247179,jl,jiejiari,0.0434127915024124
9.5,6808.7459729418415,jl,jiejiari,0.044027022474418545
10.5,6782.850946256687,jl,jiejiari,0.04385957887667328
11.5,6601.2021134213255,jl,jiejiari,0.04268499294301142
12.5,6365.225313535879,jl,jiejiari,0.04115910904114673
13.5,6393.566467328382,jl,jiejiari,0.04134236989710056
14.5,6450.2026372333485,jl,jiejiari,0.04170859327144589
15.5,6665.887218970514,jl,jiejiari,0.04310326271061501
16.5,7300.619009673632,jl,jiejiari,0.04720759424619729
17.5,7701.975717347835,jl,jiejiari,0.04980286521962676
18.5,7710.141402628752,jl,jiejiari,0.04985566654468877
19.5,7529.282873597146,jl,jiejiari,0.048686190909379624
20.5,7197.573240537896,jl,jiejiari,0.04654127501330739
21.5,6907.493048417035,jl,jiejiari,0.04466554529910707
22.5,6261.237516724956,jl,jiejiari,0.04048669842611513
23.5,5690.031276647905,jl,jiejiari,0.03679313869142369
0.5,79038.51131054563,js,gongzuori,0.038367462499062664
1.5,76777.05363764157,js,gongzuori,0.037269688881876796
2.5,75001.3760642836,js,gongzuori,0.03640772625661226
3.5,73358.54540437243,js,gongzuori,0.035610251168945194
4.5,72886.45365865756,js,gongzuori,0.035381084879632554
5.5,73688.56717356354,js,gongzuori,0.035770452792727864
6.5,74598.43700064327,js,gongzuori,0.03621212857698384
7.5,78769.90003340601,js,gongzuori,0.038237071213452704
8.5,84487.22533759622,js,gongzuori,0.04101241782064762
9.5,91035.93465751375,js,gongzuori,0.044191341045327265
10.5,94330.72048868859,js,gongzuori,0.045790720508882235
11.5,92211.32994152357,js,gongzuori,0.04476191017337718
12.5,94773.91218473073,js,gongzuori,0.04600585792095953
13.5,96384.46751114196,js,gongzuori,0.04678766567599127
14.5,96221.94109591862,js,gongzuori,0.04670877089371623
15.5,95295.95571230126,js,gongzuori,0.046259272176046445
16.5,94533.12155302543,js,gongzuori,0.045888971540144735
17.5,88681.42118259729,js,gongzuori,0.043048395588049376
18.5,86276.02818424816,js,gongzuori,0.04188075181377507
19.5,90383.11011977209,js,gongzuori,0.043874442098788914
20.5,91964.68999998434,js,gongzuori,0.04464218437704232
21.5,91494.22177481382,js,gongzuori,0.04441380618915732
22.5,86444.83623257402,js,gongzuori,0.041962695873149304
23.5,81402.3404501809,js,gongzuori,0.03951493003565134
0.5,43489.643897214504,js,jiejiari,0.03825536857580956
1.5,42720.28855237084,js,jiejiari,0.0375786103951189
2.5,42293.03420795357,js,jiejiari,0.03720277902570303
3.5,41952.08441725491,js,jiejiari,0.036902864868211906
4.5,42292.56810023988,js,jiejiari,0.03720236901723238
5.5,43897.62565269594,js,jiejiari,0.038614246943842086
6.5,46391.37730134395,js,jiejiari,0.040807858569658885
7.5,46911.95414570876,js,jiejiari,0.04126578043952463
8.5,46027.48991503723,js,jiejiari,0.040487767512667194
9.5,47418.35510042387,js,jiejiari,0.04171123258476533
10.5,49307.51696658054,js,jiejiari,0.043373020932814234
11.5,46591.366248446364,js,jiejiari,0.0409837774826896
12.5,47060.292857931716,js,jiejiari,0.041396265575792054
13.5,48339.4003173188,js,jiejiari,0.04252142372660539
14.5,48898.22292393587,js,jiejiari,0.043012988220330756
15.5,49410.84471999963,js,jiejiari,0.04346391248622636
16.5,51100.29734211573,js,jiejiari,0.04495002796013482
17.5,50851.40592475963,js,jiejiari,0.04473109232274913
18.5,52281.2822186063,js,jiejiari,0.0459888732502775
19.5,51527.07228347065,js,jiejiari,0.045325437625917286
20.5,51149.857500533755,js,jiejiari,0.044993623215396926
21.5,51367.02887613098,js,jiejiari,0.04518465653443773
22.5,48974.639442145555,js,jiejiari,0.04308020748927443
23.5,46570.94633465039,js,jiejiari,0.04096581524481988
0.5,18432.40793789289,jx,gongzuori,0.04046412596035943
1.5,17846.504746170554,jx,gongzuori,0.039177909822440155
2.5,17076.385719448943,jx,gongzuori,0.03748729005063756
3.5,16432.376380032423,jx,gongzuori,0.03607351518640911
4.5,15998.501771030298,jx,gongzuori,0.03512104294898799
5.5,15879.450117161578,jx,gongzuori,0.03485969233575478
6.5,16315.350288328289,jx,gongzuori,0.03581661123054398
7.5,15658.265137092816,jx,gongzuori,0.03437413141912366
8.5,17924.17338773534,jx,gongzuori,0.03934841351930043
9.5,19147.203929058498,jx,gongzuori,0.04203329669051806
10.5,20124.55592161128,jx,gongzuori,0.04417884893022098
11.5,20809.644850221997,jx,gongzuori,0.045682804614945303
12.5,19431.483938205984,jx,gongzuori,0.04265736827882683
13.5,20242.51644821422,jx,gongzuori,0.04443780422368534
14.5,20734.937864076554,jx,gongzuori,0.04551880255359262
15.5,20668.716647573554,jx,gongzuori,0.04537342905410984
16.5,20521.27645416783,jx,gongzuori,0.04504975791045399
17.5,20347.238171361503,jx,gongzuori,0.04466769675918561
18.5,19301.987633742487,jx,gongzuori,0.042373088829670336
19.5,20073.466445977563,jx,gongzuori,0.04406669369883412
20.5,21341.376540053538,jx,gongzuori,0.046850099639391136
21.5,21661.16062195994,jx,gongzuori,0.04755211228006069
22.5,20296.27138538368,jx,gongzuori,0.044555810864811404
23.5,19259.42539779917,jx,gongzuori,0.04227965319813657
0.5,10874.50259537138,jx,jiejiari,0.036275281801995636
1.5,10351.327452287596,jx,jiejiari,0.03453006857677267
2.5,10070.972625082592,jx,jiejiari,0.03359485795245041
3.5,10116.213710276097,jx,jiejiari,0.033745773647217085
4.5,10032.599095920912,jx,jiejiari,0.03346685112437999
5.5,10395.962409987389,jx,jiejiari,0.03467896234497769
6.5,11471.056786279181,jx,jiejiari,0.038265273637994916
7.5,11918.703152954728,jx,jiejiari,0.039758537164890084
8.5,12530.848471459727,jx,jiejiari,0.04180053805070466
9.5,12947.457596852597,jx,jiejiari,0.04319026721692343
10.5,13856.417732359354,jx,jiejiari,0.046222386136672663
11.5,14134.852369898364,jx,jiejiari,0.04715119137181631
12.5,12081.048661046292,jx,jiejiari,0.040300091043208745
13.5,12235.28512296244,jx,jiejiari,0.04081459467876192
14.5,12645.179139049897,jx,jiejiari,0.04218192351170119
15.5,13192.913191020582,jx,jiejiari,0.04400906060726294
16.5,13960.825672756217,jx,jiejiari,0.046570671258410024
17.5,14899.101430961911,jx,jiejiari,0.04970058154519223
18.5,15222.961569833804,jx,jiejiari,0.05078091765242824
19.5,14729.505214521027,jx,jiejiari,0.04913484067658791
20.5,14433.367517007851,jx,jiejiari,0.04814698138506896
21.5,13745.504927741053,jx,jiejiari,0.045852402019450504
22.5,12468.723317102782,jx,jiejiari,0.04159330029784874
23.5,11461.87540767878,jx,jiejiari,0.03823464629728307
0.5,24332.51247727697,ln,gongzuori,0.039333450610903854
1.5,23936.350461701855,ln,gongzuori,0.038693055621356776
2.5,23372.936557444846,ln,gongzuori,0.03778229833736135
3.5,23300.393677282595,ln,gongzuori,0.03766503293796212
4.5,23325.191754176416,ln,gongzuori,0.03770511897238456
5.5,24113.559897146668,ln,gongzuori,0.03897951426730893
6.5,25055.588596935668,ln,gongzuori,0.04050230149989771
7.5,24784.230845143185,ln,gongzuori,0.040063652316506444
8.5,25863.768163260043,ln,gongzuori,0.0418087219152349
9.5,27012.194132204386,ln,gongzuori,0.04366514986002422
10.5,27467.168404554868,ln,gongzuori,0.04440061472775794
11.5,26791.96537509956,ln,gongzuori,0.043309150579277
12.5,26355.603664383172,ln,gongzuori,0.04260377287473535
13.5,26929.055927096608,ln,gongzuori,0.043530757142151794
14.5,26996.7850439607,ln,gongzuori,0.04364024110422031
15.5,27150.098280072718,ln,gongzuori,0.0438880715987589
16.5,27042.852730731163,ln,gongzuori,0.04371470941422474
17.5,26337.263342460818,ln,gongzuori,0.042574125786412904
18.5,26008.48460533695,ln,gongzuori,0.04204265571193319
19.5,26434.273390305134,ln,gongzuori,0.04273094230625273
20.5,26617.044861753482,ln,gongzuori,0.043026391970647615
21.5,27655.692744660842,ln,gongzuori,0.0447053638911432
22.5,26572.73586914447,ln,gongzuori,0.04295476658572146
23.5,25165.603270769203,ln,gongzuori,0.04068013996782194
0.5,21365.19945400784,ln,jiejiari,0.04049904808274111
1.5,21191.714598395258,ln,jiejiari,0.04017019688131863
2.5,20991.357317195227,ln,jiejiari,0.039790407346354785
3.5,20874.434738523825,ln,jiejiari,0.039568773415636534
4.5,21017.73843439564,ln,jiejiari,0.03984041437466622
5.5,21504.484817684697,ln,jiejiari,0.040763072046239045
6.5,22696.864902025507,ln,jiejiari,0.04302330174699958
7.5,21270.864584937568,ln,jiejiari,0.040320230543191324
8.5,21157.622924330262,ln,jiejiari,0.04010557401879158
9.5,21664.499053221254,ln,jiejiari,0.04106638885977351
10.5,21910.659580565112,ln,jiejiari,0.04153300126161101
11.5,21320.10020388085,ln,jiejiari,0.0404135596835656
12.5,21233.346294981755,ln,jiejiari,0.040249112319737636
13.5,21196.68887581573,ln,jiejiari,0.04017962592975144
14.5,21238.195292275064,ln,jiejiari,0.04025830389199314
15.5,21621.50047285942,ln,jiejiari,0.04098488240918726
16.5,22526.193749387367,ln,jiejiari,0.042699784092417974
17.5,22651.30462582725,ln,jiejiari,0.042936939444584
18.5,23007.849747543572,ln,jiejiari,0.04361279262625638
19.5,23076.79438913079,ln,jiejiari,0.04374348142982682
20.5,22962.312305483054,ln,jiejiari,0.043526473607351644
21.5,24627.586034978478,ln,jiejiari,0.046683102263542796
22.5,23822.154124283217,ln,jiejiari,0.04515635659712205
23.5,22618.72202724451,ln,jiejiari,0.04287517712733985
0.5,5196.407196905415,mengdong,gongzuori,0.037009259188374534
1.5,5122.759174808255,mengdong,gongzuori,0.03648473163785306
2.5,5131.88952773909,mengdong,gongzuori,0.03654975879706027
3.5,5105.251060973464,mengdong,gongzuori,0.03636003734461191
4.5,5142.1308779897,mengdong,gongzuori,0.036622698574776194
5.5,5491.095025459689,mengdong,gongzuori,0.03910805126015815
6.5,5985.284299649128,mengdong,gongzuori,0.042627709794132065
7.5,5899.508593311576,mengdong,gongzuori,0.04201680783290723
8.5,5854.900409398882,mengdong,gongzuori,0.04169910450870841
9.5,5926.434027591355,mengdong,gongzuori,0.042208573092683895
10.5,6238.1448948067,mengdong,gongzuori,0.044428604710582464
11.5,6314.520238390635,mengdong,gongzuori,0.044972556479408884
12.5,5995.47740281437,mengdong,gongzuori,0.04270030595195452
13.5,5844.542471288147,mengdong,gongzuori,0.0416253343822207
14.5,6009.030565026979,mengdong,gongzuori,0.04279683273943324
15.5,5997.923459268729,mengdong,gongzuori,0.04271772697649676
16.5,6137.821037276552,mengdong,gongzuori,0.04371408956474825
17.5,6522.916205991238,mengdong,gongzuori,0.046456770492378424
18.5,6467.14006973895,mengdong,gongzuori,0.04605952805065517
19.5,6368.49777705728,mengdong,gongzuori,0.045356989154364376
20.5,6261.541053701438,mengdong,gongzuori,0.044595234167385506
21.5,6191.796842060262,mengdong,gongzuori,0.0440985098908403
22.5,5756.562167050561,mengdong,gongzuori,0.040998731085054155
23.5,5446.72643248161,mengdong,gongzuori,0.038792054323211575
0.5,5369.979978633772,mengdong,jiejiari,0.03831339799655886
1.5,5336.265246783985,mengdong,jiejiari,0.03807285223198475
2.5,5352.077670781094,mengdong,jiejiari,0.038185669727823106
3.5,5319.358242461914,mengdong,jiejiari,0.03795222519275958
4.5,5344.849414212618,mengdong,jiejiari,0.038134098013993416
5.5,5533.995096038313,mengdong,jiejiari,0.039483602819589
6.5,5957.254413705753,mengdong,jiejiari,0.04250344698252205
7.5,5901.3046519834525,mengdong,jiejiari,0.042104260114561975
8.5,5836.23149276361,mengdong,jiejiari,0.04163998019955239
9.5,5846.5175459577895,mengdong,jiejiari,0.04171336848990178
10.5,5942.977352714332,mengdong,jiejiari,0.04240158389883051
11.5,6069.1127989131355,mengdong,jiejiari,0.04330152720791485
12.5,5649.610000239393,mengdong,jiejiari,0.0403084848222435
13.5,5588.949226401015,mengdong,jiejiari,0.03987568611906466
14.5,5574.591300097399,mengdong,jiejiari,0.039773246082590696
15.5,5659.450973317644,mengdong,jiejiari,0.040378697582760414
16.5,5924.827146008643,mengdong,jiejiari,0.04227208693683033
17.5,6413.428296624721,mengdong,jiejiari,0.04575812793132453
18.5,6644.38201097903,mengdong,jiejiari,0.047405922078052706
19.5,6480.962607721516,mengdong,jiejiari,0.04623996751913864
20.5,6350.453311264518,mengdong,jiejiari,0.04530881793621598
21.5,6273.6108755112955,mengdong,jiejiari,0.04476056732154847
22.5,6016.147408342764,mengdong,jiejiari,0.042923633044986864
23.5,5772.987337701034,mengdong,jiejiari,0.04118874974925097
0.5,28032.027737246797,mengxi,gongzuori,0.04027676549478614
1.5,28119.76871292813,mengxi,gongzuori,0.04040283281802531
2.5,27982.668560096998,mengxi,gongzuori,0.04020584561622036
3.5,27488.579215581867,mengxi,gongzuori,0.039495931911473756
4.5,27708.606547763702,mengxi,gongzuori,0.03981206991418257
5.5,27799.56766987583,mengxi,gongzuori,0.039942763983794406
6.5,28302.342310802564,mengxi,gongzuori,0.04066515683026069
7.5,28485.01603019629,mengxi,gongzuori,0.04092762469833808
8.5,28623.232908105118,mengxi,gongzuori,0.041126216424599765
9.5,28748.10418246077,mengxi,gongzuori,0.041305633021979024
10.5,29124.78947322198,mengxi,gongzuori,0.041846859124618954
11.5,29575.060656547055,mengxi,gongzuori,0.04249381435132726
12.5,29396.482594365156,mengxi,gongzuori,0.04223723117438295
13.5,28993.556226488166,mengxi,gongzuori,0.04165830156633736
14.5,29309.15705417088,mengxi,gongzuori,0.042111760754009575
15.5,29443.921358122152,mengxi,gongzuori,0.04230539177914235
16.5,29906.41242144201,mengxi,gongzuori,0.04296990468114756
17.5,30129.16852254628,mengxi,gongzuori,0.04328996341292415
18.5,30607.969450217875,mengxi,gongzuori,0.043977910530531024
19.5,30403.0694431674,mengxi,gongzuori,0.0436835076563898
20.5,30079.381369326875,mengxi,gongzuori,0.04321842861302787
21.5,30019.52504486916,mengxi,gongzuori,0.0431324263028789
22.5,29267.29239035442,mengxi,gongzuori,0.04205160908525202
23.5,28439.377195757002,mengxi,gongzuori,0.04086205025437004
0.5,28932.337400865363,mengxi,jiejiari,0.04081139432513295
1.5,28931.29666094324,mengxi,jiejiari,0.04080992627757208
2.5,28932.33537574316,mengxi,jiejiari,0.040811391468534824
3.5,28566.195589019833,mengxi,jiejiari,0.04029492178248592
4.5,28690.514855564757,mengxi,jiejiari,0.040470284130120666
5.5,28838.769184558892,mengxi,jiejiari,0.04067940881289886
6.5,29389.709376516366,mengxi,jiejiari,0.041456554368476006
7.5,29630.782824011472,mengxi,jiejiari,0.04179660790064405
8.5,29390.006349636307,mengxi,jiejiari,0.04145697327300259
9.5,29514.235328843926,mengxi,jiejiari,0.04163220826306942
10.5,29347.719257184606,mengxi,jiejiari,0.04139732392006582
11.5,29300.714467719416,mengxi,jiejiari,0.041331019875167734
12.5,28766.08312122719,mengxi,jiejiari,0.04057687926087992
13.5,28736.96544454631,mengxi,jiejiari,0.04053580643055893
14.5,28637.686364656365,mengxi,jiejiari,0.040395765284851025
15.5,29096.03554318939,mengxi,jiejiari,0.04104230375163776
16.5,29517.51177468003,mengxi,jiejiari,0.04163682995405655
17.5,30438.046243845052,mengxi,jiejiari,0.042935318032999215
18.5,31004.485531169936,mengxi,jiejiari,0.04373432631207354
19.5,31423.51679262643,mengxi,jiejiari,0.04432540368715445
20.5,31004.957381912962,mengxi,jiejiari,0.04373499189558549
21.5,30824.65042887283,mengxi,jiejiari,0.04348065440262289
22.5,30584.981199727496,mengxi,jiejiari,0.04314258163364024
23.5,29428.395990849607,mengxi,jiejiari,0.041511124956769056
0.5,10974.753189294812,nx,gongzuori,0.040535249088884256
1.5,11096.78551903212,nx,gongzuori,0.04098597547857872
2.5,11029.625007864539,nx,gongzuori,0.04073791814169298
3.5,10973.076992485008,nx,gongzuori,0.04052905805624457
4.5,10819.507259854969,nx,gongzuori,0.03996184827418368
5.5,10864.629305956118,nx,gongzuori,0.04012850654399282
6.5,10995.540780636175,nx,gongzuori,0.04061202805406426
7.5,11085.192586632307,nx,gongzuori,0.04094315698467806
8.5,10978.854787800155,nx,gongzuori,0.04055039834228513
9.5,11002.104216435955,nx,gongzuori,0.04063627010310483
10.5,11040.77047898915,nx,gongzuori,0.04077908393744771
11.5,11053.610116697231,nx,gongzuori,0.04082650713719819
12.5,11207.75431449308,nx,gongzuori,0.041395838706253955
13.5,11084.987283370258,nx,gongzuori,0.04094239869711365
14.5,11253.439353404176,nx,gongzuori,0.04156457638991348
15.5,11328.328577777427,nx,gongzuori,0.04184117972774564
16.5,11523.359247621205,nx,gongzuori,0.04256152547454575
17.5,11929.145198310987,nx,gongzuori,0.04406029581628106
18.5,11925.036920560091,nx,gongzuori,0.04404512189308784
19.5,11846.506708427307,nx,gongzuori,0.04375507056756825
20.5,11969.415865302242,nx,gongzuori,0.04420903551815047
21.5,11910.54709909385,nx,gongzuori,0.043991603739899625
22.5,11591.791904835169,nx,gongzuori,0.042814281482643324
23.5,11261.154381373502,nx,gongzuori,0.041593071844441734
0.5,10499.021191764203,nx,jiejiari,0.04163230846660042
1.5,10362.421960669617,nx,jiejiari,0.04109064451323196
2.5,10378.362632068543,nx,jiejiari,0.04115385487701001
3.5,10379.534905367173,nx,jiejiari,0.041158503352585425
4.5,10332.171281913446,nx,jiejiari,0.04097068994162972
5.5,10531.94585386784,nx,jiejiari,0.04176286632183481
6.5,10629.706778716096,nx,jiejiari,0.042150522742840556
7.5,10652.499206491397,nx,jiejiari,0.04224090272841373
8.5,10235.050167001029,nx,jiejiari,0.040585570591853984
9.5,10336.939269008395,nx,jiejiari,0.040989596685970554
10.5,10121.495148684804,nx,jiejiari,0.04013528504007512
11.5,10177.534275143667,nx,jiejiari,0.040357499869088355
12.5,9683.29492079492,nx,jiejiari,0.03839766714937528
13.5,10086.444557311172,nx,jiejiari,0.03999629712821639
14.5,10142.338008026165,nx,jiejiari,0.04021793430171355
15.5,10322.434039196361,nx,jiejiari,0.040932078352510365
16.5,10446.62651015458,nx,jiejiari,0.04142454514210192
17.5,10777.34250006974,nx,jiejiari,0.042735950258398436
18.5,11052.795896788395,nx,jiejiari,0.04382821977294705
19.5,11285.868781433943,nx,jiejiari,0.044752435664269896
20.5,11213.425839311569,nx,jiejiari,0.04446517394171688
21.5,10976.570167312395,nx,jiejiari,0.04352595796923473
22.5,10788.431447232819,nx,jiejiari,0.04277992183064607
23.5,10772.203762397725,nx,jiejiari,0.042715573357734765
0.5,7985.105728083914,qh,gongzuori,0.04152086741364732
1.5,7988.905083382378,qh,gongzuori,0.041540623260717696
2.5,7915.942425767185,qh,gongzuori,0.04116123281353389
3.5,7799.034977656404,qh,gongzuori,0.040553338714448446
4.5,7856.88632467574,qh,gongzuori,0.04085415353031778
5.5,7892.404071628107,qh,gongzuori,0.0410388383312784
6.5,8082.625627894944,qh,gongzuori,0.04202795034631345
7.5,8041.7758999888365,qh,gongzuori,0.04181554036778208
8.5,8168.909750736465,qh,gongzuori,0.04247660960599057
9.5,7742.450156525959,qh,gongzuori,0.04025910956635851
10.5,7645.298917743179,qh,gongzuori,0.03975394359336653
11.5,7903.522489536603,qh,gongzuori,0.04109665176187639
12.5,8112.628936438715,qh,gongzuori,0.04218396122937982
13.5,8130.322882434484,qh,gongzuori,0.04227596602064147
14.5,8284.42771451771,qh,gongzuori,0.04307727867931122
15.5,8133.424433668983,qh,gongzuori,0.042292093433598736
16.5,8151.888111023647,qh,gongzuori,0.04238810066575286
17.5,8098.724313166429,qh,gongzuori,0.042111660117912404
18.5,7941.0586803944825,qh,gongzuori,0.041291832045882146
19.5,8027.6509733644825,qh,gongzuori,0.041742093725299356
20.5,8184.282014841213,qh,gongzuori,0.042556542140571293
21.5,8118.540714686274,qh,gongzuori,0.04221470123072163
22.5,8005.319318128955,qh,gongzuori,0.04162597382310439
23.5,8104.354822890761,qh,gongzuori,0.04214093758219356
0.5,8077.540801574024,qh,jiejiari,0.041115126617143165
1.5,7994.542963481278,qh,jiejiari,0.04069266305973626
2.5,7966.418290814336,qh,jiejiari,0.04054950693014522
3.5,7941.234268434471,qh,jiejiari,0.040421318872131906
4.5,7962.790825522979,qh,jiejiari,0.040531042932448746
5.5,8072.838408690728,qh,jiejiari,0.0410911911789263
6.5,8167.156519134838,qh,jiejiari,0.0415712755447575
7.5,8270.133514787078,qh,jiejiari,0.04209543411218557
8.5,8466.937016630603,qh,jiejiari,0.04309717475277967
9.5,8282.146465227152,qh,jiejiari,0.042156580690150595
10.5,8180.208206075642,qh,jiejiari,0.041637709348599616
11.5,8250.270608595454,qh,jiejiari,0.04199433082801597
12.5,8194.492169347426,qh,jiejiari,0.04171041550669164
13.5,8224.744372301955,qh,jiejiari,0.04186440088237437
14.5,8138.1656755877175,qh,jiejiari,0.04142371055778209
15.5,8103.891486975365,qh,jiejiari,0.04124925305405495
16.5,8110.806644365086,qh,jiejiari,0.041284451585221815
17.5,8379.626385906853,qh,jiejiari,0.04265275884385227
18.5,8325.582645353039,qh,jiejiari,0.04237767323421956
19.5,8380.577209643681,qh,jiejiari,0.04265759858892947
20.5,8390.940376922457,qh,jiejiari,0.04271034767993233
21.5,8292.980559699237,qh,jiejiari,0.04221172682644929
22.5,8095.545955454171,qh,jiejiari,0.041206773839946316
23.5,8191.961553613635,qh,jiejiari,0.04169753453352542
0.5,28611.192048798686,sc,gongzuori,0.03708569315056466
1.5,27023.898869027253,sc,gongzuori,0.03502825116406556
2.5,25941.38950781482,sc,gongzuori,0.033625107599335145
3.5,24928.911586162692,sc,gongzuori,0.03231273845861321
4.5,24353.182548120247,sc,gongzuori,0.03156648117557881
5.5,24856.251255814674,sc,gongzuori,0.0322185564786765
6.5,25207.59335659668,sc,gongzuori,0.032673964464413445
7.5,24868.70919276844,sc,gongzuori,0.03223470439821682
8.5,28436.76431969855,sc,gongzuori,0.03685960074493107
9.5,32014.656792421127,sc,gongzuori,0.04149724821319431
10.5,34189.731927981855,sc,gongzuori,0.044316570418268766
11.5,37360.239581865084,sc,gongzuori,0.04842616759209107
12.5,36673.04077931831,sc,gongzuori,0.047535423722306895
13.5,37778.6112166289,sc,gongzuori,0.048968458945883246
14.5,38031.258101117666,sc,gongzuori,0.04929593865443981
15.5,37761.11319048996,sc,gongzuori,0.048945778086343296
16.5,37481.0913449835,sc,gongzuori,0.048582815081509544
17.5,36770.54227023391,sc,gongzuori,0.04766180469824286
18.5,34783.2821431976,sc,gongzuori,0.04508592742770057
19.5,33578.085189354984,sc,gongzuori,0.04352375677993551
20.5,36038.916909324806,sc,gongzuori,0.046713475331554156
21.5,37019.35750267333,sc,gongzuori,0.04798431783735627
22.5,35014.31371428554,sc,gongzuori,0.04538538946824914
23.5,32766.535681714267,sc,gongzuori,0.04247183010852934
0.5,19300.297400650794,sc,jiejiari,0.03804621473702575
1.5,18812.953025784253,sc,jiejiari,0.037085524424739225
2.5,18351.328727699158,sc,jiejiari,0.03617553548476662
3.5,18236.525308599805,sc,jiejiari,0.03594922624999537
4.5,18097.20690705476,sc,jiejiari,0.035674591216556806
5.5,18202.436227578946,sc,jiejiari,0.035882027259752675
6.5,19048.378613436114,sc,jiejiari,0.037549613255934707
7.5,19494.97102839243,sc,jiejiari,0.038429970204153646
8.5,20929.094162453956,sc,jiejiari,0.04125702284407832
9.5,21894.97158354055,sc,jiejiari,0.04316103390719625
10.5,22459.48777881085,sc,jiejiari,0.044273851183631495
11.5,24044.240359975192,sc,jiejiari,0.04739783605062123
12.5,22056.24439845589,sc,jiejiari,0.0434789471507148
13.5,21744.60019523136,sc,jiejiari,0.04286461038526009
14.5,21871.015343748448,sc,jiejiari,0.04311380954456071
15.5,22642.850074574613,sc,jiejiari,0.0446353088925198
16.5,22923.509945329744,sc,jiejiari,0.045188566984307316
17.5,23595.810689489717,sc,jiejiari,0.04651385736451203
18.5,23365.808904704416,sc,jiejiari,0.04606046034620776
19.5,23923.519122602254,sc,jiejiari,0.04715986116220032
20.5,23600.805045102286,sc,jiejiari,0.04652370261830084
21.5,22314.547442744217,sc,jiejiari,0.0439881337651081
22.5,20496.79758178883,sc,jiejiari,0.04040484693214067
23.5,19878.214063988125,sc,jiejiari,0.039185448035715546
0.5,58289.47879929972,sd,gongzuori,0.040055535519257064
1.5,57083.67952851956,sd,gongzuori,0.0392269308291014
2.5,55314.38905034143,sd,gongzuori,0.03801110459334856
3.5,54372.70632948782,sd,gongzuori,0.03736399629095839
4.5,53917.01571188349,sd,gongzuori,0.03705085347178703
5.5,54698.92014339354,sd,gongzuori,0.03758816485926492
6.5,56777.42141882859,sd,gongzuori,0.039016475480323526
7.5,56526.748368687695,sd,gongzuori,0.03884421723628927
8.5,60632.09336741859,sd,gongzuori,0.04166534028975952
9.5,63372.08178851021,sd,gongzuori,0.04354821359355559
10.5,64793.48475647706,sd,gongzuori,0.044524977466614234
11.5,65765.69190613742,sd,gongzuori,0.045193061635789615
12.5,64911.574898137704,sd,gongzuori,0.044606126997562154
13.5,65347.50236270716,sd,gongzuori,0.044905688915091106
14.5,66192.71934091562,sd,gongzuori,0.0454865076046642
15.5,66136.78196675042,sd,gongzuori,0.04544806839532691
16.5,65107.70320288851,sd,gongzuori,0.04474090302299767
17.5,63979.506595056184,sd,gongzuori,0.04396562555906063
18.5,62070.26780777513,sd,gongzuori,0.042653629232553794
19.5,61587.78657048923,sd,gongzuori,0.0423220763565361
20.5,60951.30873957924,sd,gongzuori,0.04188469964827942
21.5,60469.401036278185,sd,gongzuori,0.04155354089503267
22.5,58420.33458964914,sd,gongzuori,0.04014545738622535
23.5,58497.9665143489,sd,gongzuori,0.04019880472062075
0.5,46562.57232568405,sd,jiejiari,0.04031421933848506
1.5,46461.168547290465,sd,jiejiari,0.04022642319751337
2.5,45899.04416497881,sd,jiejiari,0.039739731751741975
3.5,45260.236638304945,sd,jiejiari,0.039186647472693244
4.5,45262.83891930626,sd,jiejiari,0.03918890054682183
5.5,46539.829993343265,sd,jiejiari,0.04029452885901923
6.5,48754.88121898035,sd,jiejiari,0.04221233658518423
7.5,48332.029675951104,sd,jiejiari,0.04184622859325324
8.5,48090.427809419365,sd,jiejiari,0.04163704791114184
9.5,47945.166290227775,sd,jiejiari,0.0415112794139641
10.5,48175.952358783245,sd,jiejiari,0.04171109569823067
11.5,48490.592947589736,sd,jiejiari,0.04198351384603429
12.5,46396.63357174574,sd,jiejiari,0.04017054833860489
13.5,47317.76688159952,sd,jiejiari,0.04096807236785501
14.5,48175.66058171518,sd,jiejiari,0.04171084307548815
15.5,48677.51919401599,sd,jiejiari,0.04214535597206286
16.5,49383.265570821975,sd,jiejiari,0.04275639640240875
17.5,51124.12381956602,sd,jiejiari,0.044263644343656317
18.5,52876.79793235679,sd,jiejiari,0.045781122547345614
19.5,50185.226783827544,sd,jiejiari,0.043450740349214936
20.5,49630.8855697638,sd,jiejiari,0.042970787628050504
21.5,49465.84031528848,sd,jiejiari,0.042827890226610675
22.5,47483.50260324482,sd,jiejiari,0.04111156758087496
23.5,48499.32942613514,sd,jiejiari,0.04199107795374427
0.5,20129.015482738,sh,gongzuori,0.03532851276373573
1.5,19208.334770114365,sh,gongzuori,0.033712622491549146
2.5,18592.31628918947,sh,gongzuori,0.032631446078091896
3.5,18081.887522746427,sh,gongzuori,0.031735590580055976
4.5,17798.349314235675,sh,gongzuori,0.031237951575954204
5.5,18216.268245177347,sh,gongzuori,0.03197144270465055
6.5,18692.069273964848,sh,gongzuori,0.03280652292667795
7.5,21000.037055191828,sh,gongzuori,0.03685724608734578
8.5,24479.509955926977,sh,gongzuori,0.042964082404805544
9.5,26629.00881494984,sh,gongzuori,0.04673667614848601
10.5,27859.947811784492,sh,gongzuori,0.048897101932764746
11.5,27713.93844753269,sh,gongzuori,0.04864084033402842
12.5,27938.763434905857,sh,gongzuori,0.049035431537101964
13.5,28202.567985357608,sh,gongzuori,0.04949843592178032
14.5,27853.995923807153,sh,gongzuori,0.0488866557512038
15.5,27571.760481175625,sh,gongzuori,0.04839130323652481
16.5,27144.301839387103,sh,gongzuori,0.04764106892450168
17.5,25987.24597784975,sh,gongzuori,0.045610315716142706
18.5,24944.438944935053,sh,gongzuori,0.04378008106785433
19.5,25426.213156925794,sh,gongzuori,0.04462564484677585
20.5,25567.977470723683,sh,gongzuori,0.04487445594107631
21.5,25069.37411222168,sh,gongzuori,0.043999355262159076
22.5,23721.731250377034,sh,gongzuori,0.04163410207397086
23.5,21937.797858583912,sh,gongzuori,0.038503113692762415
0.5,10921.041605017686,sh,jiejiari,0.03705317003396642
1.5,10559.867930780281,sh,jiejiari,0.03582777139093202
2.5,10307.026328911608,sh,jiejiari,0.034969924382877764
3.5,10149.46055436626,sh,jiejiari,0.03443533147068888
4.5,10175.049418488166,sh,jiejiari,0.034522149978261404
5.5,10660.44638404353,sh,jiejiari,0.03616901636236443
6.5,10766.422988570674,sh,jiejiari,0.03652857630995794
7.5,11375.713536054174,sh,jiejiari,0.03859579178926002
8.5,12098.583924553132,sh,jiejiari,0.04104836365797857
9.5,12910.079212522201,sh,jiejiari,0.043801624196155214
10.5,13180.908231447116,sh,jiejiari,0.0447204993411548
11.5,13179.962841011775,sh,jiejiari,0.04471729179797201
12.5,12905.873014303046,sh,jiejiari,0.04378735330666979
13.5,13044.755740324234,sh,jiejiari,0.04425855792690303
14.5,12983.515242213707,sh,jiejiari,0.04405077970651684
15.5,13153.492322585123,sh,jiejiari,0.04462748199267841
16.5,13454.672300007336,sh,jiejiari,0.045649332592453074
17.5,13722.062295164622,sh,jiejiari,0.046556539735716065
18.5,14114.650053649873,sh,jiejiari,0.047888520831889554
19.5,13935.681533794403,sh,jiejiari,0.04728131217572207
20.5,13691.008186900313,sh,jiejiari,0.04645117861766648
21.5,13246.52228495333,sh,jiejiari,0.04494311626444044
22.5,12541.319639768131,sh,jiejiari,0.04255048793598095
23.5,11661.621813536325,sh,jiejiari,0.039565828201793905
0.5,17960.519767545593,sn,gongzuori,0.03891159094194453
1.5,17182.07974126825,sn,gongzuori,0.03722509521312522
2.5,16357.299347903885,sn,gongzuori,0.03543820275684326
3.5,15800.446536287624,sn,gongzuori,0.03423177726911113
4.5,15288.475388293922,sn,gongzuori,0.03312258821764466
5.5,15257.902734748228,sn,gongzuori,0.03305635235118998
6.5,15957.528158808751,sn,gongzuori,0.034572095696369785
7.5,16277.00817990104,sn,gongzuori,0.03526425138316291
8.5,17651.17256682238,sn,gongzuori,0.03824138808092665
9.5,19064.625240461228,sn,gongzuori,0.04130364312500485
10.5,20080.35275342888,sn,gongzuori,0.043504223843414486
11.5,21066.21329738889,sn,gongzuori,0.0456400975658272
12.5,21708.56450974662,sn,gongzuori,0.04703175593316975
13.5,21809.29162744237,sn,gongzuori,0.047249981933935085
14.5,21816.27042296342,sn,gongzuori,0.047265101542949585
15.5,21686.20166093404,sn,gongzuori,0.046983306665745767
16.5,21458.729978602918,sn,gongzuori,0.046490487684541296
17.5,21539.9632412858,sn,gongzuori,0.0466664801128956
18.5,20657.69851433681,sn,gongzuori,0.04475504744825858
19.5,20402.285289134245,sn,gongzuori,0.04420169292016726
20.5,21576.831998437734,sn,gongzuori,0.046746356531585126
21.5,21535.472169114062,sn,gongzuori,0.046656750173812586
22.5,20335.342751508408,sn,gongzuori,0.04405666144700137
23.5,19102.210181642655,sn,gongzuori,0.04138507116137334
0.5,11286.5007448389,sn,jiejiari,0.0382358970427607
1.5,10783.158924028481,sn,jiejiari,0.03653069837464174
2.5,10466.248016610563,sn,jiejiari,0.03545708192772835
3.5,10420.444680692515,sn,jiejiari,0.03530191145674084
4.5,10486.59544310216,sn,jiejiari,0.035526014019437425
5.5,10730.201830063219,sn,jiejiari,0.036351292725511256
6.5,11393.644394595447,sn,jiejiari,0.038598873456220845
7.5,12331.12406848766,sn,jiejiari,0.04177482471879573
8.5,12358.426607774802,sn,jiejiari,0.041867319027243506
9.5,12600.802081309499,sn,jiejiari,0.04268842770045215
10.5,12562.20020196288,sn,jiejiari,0.042557653998511864
11.5,12597.277390854879,sn,jiejiari,0.0426764869134556
12.5,12311.07514746086,sn,jiejiari,0.041706903890407036
13.5,12161.694534142936,sn,jiejiari,0.041200839001019555
14.5,12459.490015728908,sn,jiejiari,0.04220969707236885
15.5,12594.485211503828,sn,jiejiari,0.04266702769446423
16.5,12942.899350140975,sn,jiejiari,0.0438473693640702
17.5,13568.337146299404,sn,jiejiari,0.04596619925840218
18.5,13747.10735781561,sn,jiejiari,0.046571828900075836
19.5,14643.18094317863,sn,jiejiari,0.04960750648759961
20.5,14380.188388911436,sn,jiejiari,0.04871655220023367
21.5,13663.47139834052,sn,jiejiari,0.046288490777139514
22.5,12579.185449307763,sn,jiejiari,0.04261519585168737
23.5,12113.01011928493,sn,jiejiari,0.04103590814103189
0.5,23553.022558231896,sx,gongzuori,0.03895429330922858
1.5,23246.92168636705,sx,gongzuori,0.038448033736158786
2.5,22850.208696106394,sx,gongzuori,0.03779191097552424
3.5,22729.320832139987,sx,gongzuori,0.03759197479753133
4.5,22437.141935619846,sx,gongzuori,0.037108740749515944
5.5,22850.586256491246,sx,gongzuori,0.037792535421832016
6.5,23889.331939156225,sx,gongzuori,0.03951051467040554
7.5,24391.827107927205,sx,gongzuori,0.04034159034837341
8.5,23911.77174412021,sx,gongzuori,0.039547627815531936
9.5,24655.83714966378,sx,gongzuori,0.04077823598809806
10.5,25515.73401331362,sx,gongzuori,0.04220041755988933
11.5,27046.22608155354,sx,gongzuori,0.04473169509704044
12.5,26491.494539231033,sx,gongzuori,0.04381422579329882
13.5,25907.78165165808,sx,gongzuori,0.04284882430503223
14.5,26231.819342413924,sx,gongzuori,0.04338474954425536
15.5,26362.128910445845,sx,gongzuori,0.04360026825832122
16.5,26855.688799053427,sx,gongzuori,0.04441656589566078
17.5,27317.155897392466,sx,gongzuori,0.04517978533625758
18.5,26913.28592221075,sx,gongzuori,0.044511825653668104
19.5,27082.63466443399,sx,gongzuori,0.044791911173893924
20.5,27398.86866116314,sx,gongzuori,0.045314929900364405
21.5,26683.763958574073,sx,gongzuori,0.044132219772074426
22.5,25733.741161356786,sx,gongzuori,0.04256097911275949
23.5,24575.97054664454,sx,gongzuori,0.040646144785284014
0.5,21075.415739221793,sx,jiejiari,0.039974164560351834
1.5,20897.968992282265,sx,jiejiari,0.03963759774949367
2.5,20542.202813422333,sx,jiejiari,0.038962808888636805
3.5,20529.46398222812,sx,jiejiari,0.038938646891513475
4.5,20507.921240741205,sx,jiejiari,0.03889778634081618
5.5,20898.332461050897,sx,jiejiari,0.03963828714801134
6.5,21542.3777757776,sx,jiejiari,0.04085986083907246
7.5,22288.142317217455,sx,jiejiari,0.04227436743157173
8.5,21582.941510710854,sx,jiejiari,0.0409367988902819
9.5,21139.938196083913,sx,jiejiari,0.04009654560091393
10.5,21076.599843132928,sx,jiejiari,0.03997641047403563
11.5,21821.39171597652,sx,jiejiari,0.04138907218646179
12.5,21673.38194322274,sx,jiejiari,0.04110833907610188
13.5,21000.183262875078,sx,jiejiari,0.03983146961060669
14.5,21032.19890839218,sx,jiejiari,0.03989219432883964
15.5,21396.82151383541,sx,jiejiari,0.04058378135197421
16.5,22214.679729769625,sx,jiejiari,0.042135029465668467
17.5,23994.213572747387,sx,jiejiari,0.04551030706683692
18.5,25229.49967315938,sx,jiejiari,0.04785329903757598
19.5,24818.77172096893,sx,jiejiari,0.04707426307674119
20.5,24313.166891611916,sx,jiejiari,0.04611527223635589
21.5,23550.370632079743,sx,jiejiari,0.044668461241884574
22.5,22389.868716451638,sx,jiejiari,0.04246731393727466
23.5,21710.068164363453,sx,jiejiari,0.04117792256897918
0.5,8840.671377473655,tj,gongzuori,0.035105221271644414
1.5,8619.552152663575,tj,gongzuori,0.03422718396170082
2.5,8520.402945077325,tj,gongzuori,0.03383347462418463
3.5,8385.510064059083,tj,gongzuori,0.0332978315452912
4.5,8206.645524839905,tj,gongzuori,0.032587582407093474
5.5,8396.586903515086,tj,gongzuori,0.03334181631562033
6.5,8952.2826462588,tj,gongzuori,0.03554841592506124
7.5,9640.89320441953,tj,gongzuori,0.038282803957605784
8.5,10927.407966546947,tj,gongzuori,0.04339139622004389
9.5,11476.613906676894,tj,gongzuori,0.045572225619617476
10.5,11974.480553867785,tj,gongzuori,0.04754919298636542
11.5,12063.715847543437,tj,gongzuori,0.04790353538819996
12.5,11686.065056671583,tj,gongzuori,0.0464039304361656
13.5,11979.413207237558,tj,gongzuori,0.047568779947650214
14.5,12014.373140906811,tj,gongzuori,0.04770760155459607
15.5,12030.441206391204,tj,gongzuori,0.04777140587105038
16.5,12051.595744165768,tj,gongzuori,0.0478554079448485
17.5,11693.40657357693,tj,gongzuori,0.04643308269897772
18.5,11362.125149191123,tj,gongzuori,0.04511760481164417
19.5,11288.107708795973,tj,gongzuori,0.04482369063792504
20.5,11164.892922705287,tj,gongzuori,0.04433441984106301
21.5,10852.399798371747,tj,gongzuori,0.04309354798787449
22.5,10160.892154611784,tj,gongzuori,0.04034765598389368
23.5,9545.042371678459,tj,gongzuori,0.037902192061882514
0.5,8840.195956596775,tj,jiejiari,0.035092224401542624
1.5,8619.820783182322,tj,jiejiari,0.03421741856285327
2.5,8522.860533679775,tj,jiejiari,0.03383252315439416
3.5,8382.52428727307,tj,jiejiari,0.033275441492997354
4.5,8209.600079316018,tj,jiejiari,0.032588997986554534
5.5,8396.591160348278,tj,jiejiari,0.03333128164280928
6.5,8946.100830689498,tj,jiejiari,0.03551262657646338
7.5,9642.560474945349,tj,jiejiari,0.03827730716078989
8.5,10918.074300222217,tj,jiejiari,0.04334061317839965
9.5,11476.608865298651,tj,jiejiari,0.045557783520540546
10.5,11978.724759329063,tj,jiejiari,0.04755099314116527
11.5,12061.069927544577,tj,jiejiari,0.04787787222117539
12.5,11682.928241625073,tj,jiejiari,0.04637679317688536
13.5,11966.661172142494,tj,jiejiari,0.04750310527638069
14.5,12012.71218279943,tj,jiejiari,0.047685910319145056
15.5,12030.205048171905,tj,jiejiari,0.047755350358720056
16.5,12065.16744057505,tj,jiejiari,0.04789413779350654
17.5,11718.320110600373,tj,jiejiari,0.0465172854707405
18.5,11389.868250820457,tj,jiejiari,0.045213456186288976
19.5,11276.766339826418,tj,jiejiari,0.04476448450508044
20.5,11182.060303969212,tj,jiejiari,0.04438853746965285
21.5,10873.402363865156,tj,jiejiari,0.04316328253745118
22.5,10160.855680271185,tj,jiejiari,0.04033474250960311
23.5,9559.561157593138,tj,jiejiari,0.037947831356859876
0.5,26423.428543695,xj,gongzuori,0.04130663973930831
1.5,25847.63813237349,xj,gongzuori,0.040406530692275455
2.5,25236.277019477242,xj,gongzuori,0.03945081545648507
3.5,25193.12699149202,xj,gongzuori,0.03938336082402588
4.5,25098.491090944062,xj,gongzuori,0.03923542048222371
5.5,24954.805301692337,xj,gongzuori,0.03901080250267331
6.5,25053.46621117962,xj,gongzuori,0.03916503497246066
7.5,25284.280521031968,xj,gongzuori,0.0395258573210057
8.5,26198.596338641088,xj,gongzuori,0.040955168964779604
9.5,26422.50791414328,xj,gongzuori,0.041305200557668294
10.5,26900.316429928364,xj,gongzuori,0.04205213860899916
11.5,27275.117642031888,xj,gongzuori,0.042638049654441845
12.5,27464.38977160042,xj,gongzuori,0.04293393085153368
13.5,27172.35828318733,xj,gongzuori,0.042477410250338195
14.5,27223.42504868715,xj,gongzuori,0.04255724078715383
15.5,27106.340554109705,xj,gongzuori,0.04237420749801909
16.5,27353.30540513629,xj,gongzuori,0.04276027731150895
17.5,27464.389771967304,xj,gongzuori,0.04293393085210721
18.5,27651.36144316074,xj,gongzuori,0.04322621583892004
19.5,27651.303145603255,xj,gongzuori,0.0432261247047888
20.5,27589.825563293045,xj,gongzuori,0.0431300193738575
21.5,27660.33509889749,xj,gongzuori,0.04324024397928985
22.5,27928.665496135396,xj,gongzuori,0.04365971365679529
23.5,27535.865022550603,xj,gongzuori,0.04304566511934051
0.5,23611.235037408307,xj,jiejiari,0.04147440022033842
1.5,23056.505245908676,xj,jiejiari,0.04049998760065337
2.5,22758.735292341014,xj,jiejiari,0.03997693871277053
3.5,22842.433713201506,xj,jiejiari,0.040123959476363734
4.5,22585.989347411236,xj,jiejiari,0.039673501199014596
5.5,22597.44515974572,xj,jiejiari,0.039693623947564455
6.5,22830.131844228403,xj,jiejiari,0.04010235058396821
7.5,22927.758636862945,xj,jiejiari,0.040273837279329046
8.5,23208.944633832336,xj,jiejiari,0.04076775555832574
9.5,23612.19615386507,xj,jiejiari,0.04147608847292339
10.5,23981.20580212039,xj,jiejiari,0.04212427370392295
11.5,24214.620883004824,xj,jiejiari,0.04253427980765814
12.5,24536.12520071887,xj,jiejiari,0.043099019378642606
13.5,24013.60885130469,xj,jiejiari,0.04218119139705081
14.5,23698.918767215728,xj,jiejiari,0.04162842139276263
15.5,23872.640555500428,xj,jiejiari,0.0419335730276897
16.5,24095.661442093042,xj,jiejiari,0.04232532117188385
17.5,24092.6348554435,xj,jiejiari,0.04232000481016852
18.5,24300.108005869362,xj,jiejiari,0.04268444252221974
19.5,24603.555158833027,xj,jiejiari,0.043217463715215274
20.5,24819.559584235707,xj,jiejiari,0.043596887069153406
21.5,24559.71215270896,xj,jiejiari,0.043140451124388426
22.5,24423.958706961,xj,jiejiari,0.04290199291873673
23.5,24052.91508806322,xj,jiejiari,0.04225023490925573
0.5,560.0925625129569,xz,gongzuori,0.03715494776373598
1.5,533.6431937134198,xz,gongzuori,0.035400371856279866
2.5,510.96360026994256,xz,gongzuori,0.033895872125173955
3.5,494.6260971363451,xz,gongzuori,0.03281208862911183
4.5,487.1091846259489,xz,gongzuori,0.032313438030333555
5.5,482.0476576613065,xz,gongzuori,0.031977670725850414
6.5,501.9284937546976,xz,gongzuori,0.03329650885366836
7.5,581.4126003726913,xz,gongzuori,0.038569258443822856
8.5,639.2081375124769,xz,gongzuori,0.042403250014378883
9.5,683.3696858197471,xz,gongzuori,0.04533280153914916
10.5,721.7717965288887,xz,gongzuori,0.0478802883527816
11.5,723.1694524998705,xz,gongzuori,0.04797300487513732
12.5,679.2717325776968,xz,gongzuori,0.045060954975139324
13.5,639.3432133841836,xz,gongzuori,0.042412210563568975
14.5,648.2124919251422,xz,gongzuori,0.04300057327885448
15.5,663.7485710380856,xz,gongzuori,0.044031192584536354
16.5,671.2352425830038,xz,gongzuori,0.044527837083666345
17.5,691.0067169249851,xz,gongzuori,0.04583942046390694
18.5,672.0632130515186,xz,gongzuori,0.0445827622899029
19.5,669.6264943609098,xz,gongzuori,0.044421117301691876
20.5,708.3865678738134,xz,gongzuori,0.046992350349724335
21.5,761.4499831829203,xz,gongzuori,0.05051242641559726
22.5,716.145277398173,xz,gongzuori,0.0475070410747684
23.5,634.6761734862466,xz,gongzuori,0.04210261240921907
0.5,552.3398988498187,xz,jiejiari,0.038123079707272876
1.5,524.8978482512741,xz,jiejiari,0.03622900056419836
2.5,509.9145920944201,xz,jiejiari,0.03519484049368434
3.5,492.83593755560986,xz,jiejiari,0.03401605382693827
4.5,480.3767486216492,xz,jiejiari,0.03315610752610712
5.5,488.26539974116366,xz,jiejiari,0.03370059050848513
6.5,504.95712924213893,xz,jiejiari,0.03485267120289634
7.5,564.0866984942826,xz,jiejiari,0.03893385615142222
8.5,617.6739477178464,xz,jiejiari,0.042632504352824174
9.5,650.1442015832861,xz,jiejiari,0.04487363536437204
10.5,659.2827088080718,xz,jiejiari,0.04550438472733038
11.5,668.5542822853486,xz,jiejiari,0.046144318462738775
12.5,625.1793477269363,xz,jiejiari,0.043150534941194356
13.5,606.1919891611108,xz,jiejiari,0.04184000751860026
14.5,619.4258248198507,xz,jiejiari,0.042753420749659043
15.5,613.7264504678054,xz,jiejiari,0.0423600439482419
16.5,615.9210626035665,xz,jiejiari,0.042511518381923755
17.5,639.9909092600499,xz,jiejiari,0.04417284446851966
18.5,648.8401778724715,xz,jiejiari,0.04478363027878782
19.5,671.9798320899727,xz,jiejiari,0.04638075350665803
20.5,738.962160948754,xz,jiejiari,0.051003944167661505
21.5,719.7784613343607,xz,jiejiari,0.049679865079761416
22.5,671.6564314288094,xz,jiejiari,0.0463584320534938
23.5,603.3516165251872,xz,jiejiari,0.04164396201722844
0.5,13776.887896575814,yn,gongzuori,0.03628004545193938
1.5,13420.1851157673,yn,gongzuori,0.035340704637256366
2.5,12990.640180557086,yn,gongzuori,0.03420954135204518
3.5,12877.180497574922,yn,gongzuori,0.03391075671458155
4.5,12794.81702170368,yn,gongzuori,0.03369386080379091
5.5,12770.616594487226,yn,gongzuori,0.03363013141831862
6.5,13609.96920680613,yn,gongzuori,0.0358404819092087
7.5,14917.88146833219,yn,gongzuori,0.039284737001616624
8.5,16457.834639583,yn,gongzuori,0.04334004843815112
9.5,17527.185771336535,yn,gongzuori,0.04615607684422849
10.5,18180.75509493245,yn,gongzuori,0.0478771857727512
11.5,18348.9775557411,yn,gongzuori,0.048320182665082145
12.5,16519.14429138598,yn,gongzuori,0.04350150122565674
13.5,16047.894518271716,yn,gongzuori,0.04226051245401616
14.5,15956.205108732747,yn,gongzuori,0.04201905763704243
15.5,16689.66180763173,yn,gongzuori,0.043950541915120815
16.5,17242.56875744522,yn,gongzuori,0.0454065666298833
17.5,18330.82768643305,yn,gongzuori,0.04827238681391561
18.5,17876.595276672066,yn,gongzuori,0.047076211553175595
19.5,17204.653413463515,yn,gongzuori,0.045306720393686224
20.5,17812.335213362017,yn,gongzuori,0.04690698915439187
21.5,17252.30989189384,yn,gongzuori,0.04543221892546721
22.5,16091.99784757397,yn,gongzuori,0.04237665412575505
23.5,15040.213533409496,yn,gongzuori,0.03960688616291867
0.5,13995.56187962861,yn,jiejiari,0.03796439743426523
1.5,13280.331639979613,yn,jiejiari,0.036024262032158756
2.5,12894.23558893229,yn,jiejiari,0.034976936883241626
3.5,12731.733476081752,yn,jiejiari,0.03453613323068192
4.5,12616.708175485568,yn,jiejiari,0.03422411530211375
5.5,12709.10966854812,yn,jiejiari,0.034474763831720295
6.5,13225.998841688788,yn,jiejiari,0.03587687874267246
7.5,14282.78178902753,yn,jiejiari,0.03874351090503812
8.5,15793.973876571357,yn,jiejiari,0.04284277447905286
9.5,16873.11572984431,yn,jiejiari,0.04577005746761488
10.5,17568.54254378904,yn,jiejiari,0.04765647404582111
11.5,17533.776273373103,yn,jiejiari,0.047562166970568996
12.5,16114.938949457872,yn,jiejiari,0.04371342516777711
13.5,15478.02693741299,yn,jiejiari,0.041985735992887685
14.5,15470.281017734384,yn,jiejiari,0.04196472439108837
15.5,15671.810215582756,yn,jiejiari,0.04251139301558002
16.5,16560.52641232038,yn,jiejiari,0.04492212687459898
17.5,17962.63949660123,yn,jiejiari,0.04872550246160572
18.5,17621.886541417363,yn,jiejiari,0.047801175112067114
19.5,17337.166157461117,yn,jiejiari,0.047028841860489334
20.5,16884.64468661319,yn,jiejiari,0.04580133094563174
21.5,16419.093906115533,yn,jiejiari,0.044538476691643444
22.5,15341.429407498268,yn,jiejiari,0.041615201179150074
23.5,14281.338185560184,yn,jiejiari,0.03873959498253046
0.5,55934.27447154771,zj,gongzuori,0.03683165608801389
1.5,53760.97881056705,zj,gongzuori,0.03540058222285578
2.5,51899.44964389325,zj,gongzuori,0.03417480066561733
3.5,50296.89080168309,zj,gongzuori,0.033119546142433794
4.5,49400.39051630587,zj,gongzuori,0.03252921775244786
5.5,49778.77751572362,zj,gongzuori,0.03277837839612116
6.5,51901.19133755518,zj,gongzuori,0.034175947537773504
7.5,59540.47889731559,zj,gongzuori,0.0392062731264546
8.5,67002.6021520071,zj,gongzuori,0.04411993938922115
9.5,71315.32078652219,zj,gongzuori,0.046959782598980294
10.5,73559.53197678996,zj,gongzuori,0.048437552991637496
11.5,68302.1586806122,zj,gongzuori,0.04497567265081667
12.5,70609.22526284825,zj,gongzuori,0.046494832123820856
13.5,73942.94140320332,zj,gongzuori,0.04869002080798046
14.5,74062.7571910208,zj,gongzuori,0.04876891722582982
15.5,74062.75205329852,zj,gongzuori,0.0487689138427374
16.5,73029.21517648651,zj,gongzuori,0.04808834946319255
17.5,66302.96567918218,zj,gongzuori,0.043659242076219865
18.5,63241.951342730965,zj,gongzuori,0.04164362234420743
19.5,64375.42013058376,zj,gongzuori,0.042389989986857876
20.5,65622.96523781626,zj,gongzuori,0.04321147471653368
21.5,65589.48476382783,zj,gongzuori,0.04318942846108019
22.5,64768.14155991775,zj,gongzuori,0.04264858958004614
23.5,60346.87527875238,zj,gongzuori,0.03973726980912019
0.5,28534.62496959113,zj,jiejiari,0.03567991396972027
1.5,27672.88527174405,zj,jiejiari,0.03460238804056428
2.5,26881.87163474964,zj,jiejiari,0.03361329852048427
3.5,26629.07553363743,zj,jiejiari,0.03329720033628957
4.5,26717.48684187802,zj,jiejiari,0.03340775051437449
5.5,27735.111366478763,zj,jiejiari,0.034680196026797575
6.5,30285.358075456134,zj,jiejiari,0.0378690440763109
7.5,32880.95407651924,zj,jiejiari,0.04111459722855226
8.5,34397.34318717388,zj,jiejiari,0.04301070180572601
9.5,35797.87152246625,zj,jiejiari,0.04476193318054311
10.5,36947.70048231586,zj,jiejiari,0.04619968813302794
11.5,34402.623490527505,zj,jiejiari,0.04301730433754804
12.5,34308.25744614021,zj,jiejiari,0.04289930831170261
13.5,35203.55958284391,zj,jiejiari,0.04401880097188431
14.5,35519.855182957894,zj,jiejiari,0.04441429941677695
15.5,36250.44084415439,zj,jiejiari,0.04532782933233679
16.5,37734.97799046463,zj,jiejiari,0.04718410596893708
17.5,36877.94386663634,zj,jiejiari,0.046112463925633715
18.5,37707.31486386253,zj,jiejiari,0.04714951578321191
19.5,36746.93560855691,zj,jiejiari,0.045948650194681286
20.5,36249.74929357832,zj,jiejiari,0.04532696461219114
21.5,35965.485111106,zj,jiejiari,0.044971518497651554
22.5,35331.108266478914,zj,jiejiari,0.04417828882441077
23.5,32960.64069741076,zj,jiejiari,0.041214237990643124
