x,variable,value
0.5,zd,12137.155297532663
0.5,zg,22260.522496371563
1.5,zd,12142.89140875453
1.5,zg,22634.412655106156
2.5,zd,12073.88425253992
2.5,zg,22755.21863386977
3.5,zd,12073.88425253992
3.5,zg,22829.96190130625
4.5,zd,12073.88425253992
4.5,zg,22559.495566117494
5.5,zd,12073.88425253992
5.5,zg,22162.660962495425
6.5,zd,11947.342162554432
6.5,zg,22041.85498373181
7.5,zd,11947.342162554432
7.5,zg,22220.369717818478
8.5,zd,11866.688962343906
8.5,zg,22404.44674157484
9.5,zd,11757.529027576204
9.5,zg,22375.41854236113
10.5,zd,11625.07700481667
10.5,zg,22110.340675289888
11.5,zd,11504.271026053051
11.5,zg,21627.638224891954
12.5,zd,11441.173802612488
12.5,zg,21501.269956458644
13.5,zd,11441.173802612488
13.5,zg,21541.944199668265
14.5,zd,11441.173802612488
14.5,zg,21944.16727140785
15.5,zd,11648.716735912862
15.5,zg,22463.024604658774
16.5,zd,11757.529027576204
16.5,zg,22605.38445589245
17.5,zd,11728.500828362505
17.5,zg,22270.95178950224
18.5,zd,11567.715892597977
18.5,zg,21857.604138423278
19.5,zd,11423.617825842524
19.5,zg,21592.700092904204
20.5,zd,11516.264713153329
20.5,zg,21691.08309143688
21.5,zd,11573.799646924204
21.5,zg,21817.62518142236
22.5,zd,11567.715892597977
22.5,zg,21564.54100145139
23.5,zd,11325.40864886203
23.5,zg,21380.116334590675
24.5,zd,11135.943156988156
24.5,zg,20901.933244549364
25.5,zd,10905.455778800304
25.5,zg,20269.57043772629
26.5,zd,10767.789109475438
26.5,zg,20027.958480199057
27.5,zd,10646.983130711822
27.5,zg,19596.533387693595
28.5,zd,10399.63506196272
28.5,zg,19257.581360946755
29.5,zd,10255.363173655089
29.5,zg,18923.496337660898
30.5,zd,9985.939767779397
30.5,zg,18674.23623183784
31.5,zd,9847.40399069364
31.5,zg,17554.47779270803
32.5,zd,9726.598011930022
32.5,zg,16749.68400612451
33.5,zd,9605.792033166406
33.5,zg,16438.021963069594
34.5,zd,9300.387565989897
34.5,zg,15695.977756822287
35.5,zd,9233.108968544162
35.5,zg,14796.972688958367
36.5,zd,9243.33546986396
36.5,zg,14385.015610296825
37.5,zd,9253.561971183755
37.5,zg,13545.109870173375
38.5,zd,9263.788472503556
38.5,zg,13697.72519298554
39.5,zd,9274.014973823352
39.5,zg,14304.18858853411
40.5,zd,9284.24147514315
40.5,zg,15585.079606532803
41.5,zd,9371.132937726285
41.5,zg,16321.387701558244
42.5,zd,9416.500362844708
42.5,zg,17172.070377916723
43.5,zd,9416.500362844708
43.5,zg,17698.575859463475
44.5,zd,9418.58622147084
44.5,zg,17832.939919296965
45.5,zd,9664.543717802524
45.5,zg,18332.67688180833
46.5,zd,9785.34969656614
46.5,zg,18621.742123080123
47.5,zd,9859.39767779391
47.5,zg,19284.002236877783
48.5,zd,10049.21081277214
48.5,zg,19874.99551428253
49.5,zd,10246.324452941835
49.5,zg,20207.863786703147
50.5,zd,10395.115701606092
50.5,zg,20206.29939273355
51.5,zd,10555.379172714083
51.5,zg,20259.662609252147
52.5,zd,10555.379172714083
52.5,zg,20380.468588015767
53.5,zd,10580.061833123342
53.5,zg,20678.746371552985
54.5,zd,10808.463352685056
54.5,zg,20742.01741654573
55.5,zd,10808.463352685056
55.5,zg,20678.746371552985
56.5,zd,10808.463352685056
56.5,zg,20493.800240035736
57.5,zd,10808.463352685056
57.5,zg,20362.39114658927
58.5,zd,10808.463352685056
58.5,zg,20252.188282508505
59.5,zd,10767.267644818903
59.5,zg,20026.91555088599
60.5,zd,10681.921262699572
60.5,zg,19785.30359335876
61.5,zd,10618.650217706829
61.5,zg,19480.42059083878
62.5,zd,10428.837082728598
62.5,zg,19199.524962519343
63.5,zd,10347.314774757178
63.5,zg,19160.24129172715
64.5,zd,10302.294992743113
64.5,zg,19501.62682020448
65.5,zd,10372.345078270797
65.5,zg,19813.288863259397
66.5,zd,10558.507960653284
66.5,zg,20172.57801161104
67.5,zd,10808.463352685056
67.5,zg,20235.849056603784
68.5,zd,10861.30510454713
68.5,zg,19961.21100416276
69.5,zd,10935.005442670545
69.5,zg,19919.493831640066
70.5,zd,10935.005442670545
70.5,zg,19605.572108406846
71.5,zd,10935.005442670545
71.5,zg,19603.13860667635
72.5,zd,10935.005442670545
72.5,zg,19696.30695864369
73.5,zd,11022.43768341601
73.5,zg,19841.274133160023
74.5,zd,11143.243662179626
74.5,zg,20064.46100615641
75.5,zd,11314.631712627004
75.5,zg,20020.65797500759
76.5,zd,11251.36066763426
76.5,zg,19265.92479545129
77.5,zd,11061.54753265603
77.5,zg,18841.452565032945
78.5,zd,10939.524803027169
78.5,zg,18346.75642753474
79.5,zd,10396.332452471335
79.5,zg,17735.77367162954
80.5,zd,10396.853917127868
80.5,zg,18131.912989042896
81.5,zd,10492.108127721342
81.5,zg,18673.888588733484
82.5,zd,10797.686416450022
82.5,zg,19259.31957646853
83.5,zd,11061.54753265603
83.5,zg,19512.92522109604
84.5,zd,11100.483560343871
84.5,zg,19135.906274422246
85.5,zd,10853.13549159477
85.5,zg,18497.807356377307
86.5,zd,10795.600557823896
86.5,zg,17945.22864200387
87.5,zd,10492.108127721342
87.5,zg,17500.940754637246
88.5,zd,10428.837082728598
88.5,zg,17200.229469369537
89.5,zd,10365.566037735854
89.5,zg,17515.19412191583
90.5,zd,10302.294992743113
90.5,zg,17631.654561875
91.5,zd,10413.019321480411
91.5,zg,18116.26904934689
92.5,zd,10723.63843522226
92.5,zg,18211.175616836
93.5,zd,10935.005442670545
93.5,zg,18147.90457184326
94.5,zd,11031.302582577082
94.5,zg,17421.67812684414
95.5,zd,10871.7343976778
95.5,zg,17300.87214808052
96.5,zd,10606.830352158731
96.5,zg,16781.667171725236
97.5,zd,10302.294992743113
97.5,zg,16882.483671988397
98.5,zd,10246.324452941835
98.5,zg,17016.32626716535
99.5,zd,10302.294992743113
99.5,zg,17138.696639898568
100.5,zd,10361.394320483583
100.5,zg,17447.751359670816
101.5,zd,10555.379172714083
101.5,zg,17388.652031930345
102.5,zd,10603.006278010816
102.5,zg,17388.652031930345
103.5,zd,10576.759223631963
103.5,zg,17345.891930094585
104.5,zd,10555.379172714083
104.5,zg,17677.89109475431
105.5,zd,10555.379172714083
105.5,zg,17801.13057524842
106.5,zd,10365.566037735854
106.5,zg,17553.782506499316
107.5,zd,10365.566037735854
107.5,zg,17350.758933555575
108.5,zd,10302.294992743113
108.5,zg,17009.025761973884
109.5,zd,10239.023947750373
109.5,zg,16811.738300252007
110.5,zd,10174.01468723585
110.5,zg,16566.128447024683
111.5,zd,9989.937663479486
111.5,zg,16566.128447024683
112.5,zd,9869.131684715874
112.5,zg,16566.128447024683
113.5,zd,9859.39767779391
113.5,zg,16502.85740203194
114.5,zd,10049.21081277214
114.5,zg,16502.85740203194
115.5,zd,9922.668722786651
115.5,zg,16502.85740203194
116.5,zd,9922.668722786651
116.5,zg,16378.401170672583
117.5,zd,9809.684713871044
117.5,zg,16123.23113207548
118.5,zd,9713.73521706886
118.5,zg,16021.71934560361
119.5,zd,9606.31349782294
119.5,zg,15753.338869040985
120.5,zd,9606.31349782294
120.5,zg,15419.60148885948
121.5,zd,9543.042452830196
121.5,zg,15298.795510095866
122.5,zd,9539.21837868228
122.5,zg,15363.978592162564
123.5,zd,9606.31349782294
123.5,zg,15851.02658136494
124.5,zd,9606.31349782294
124.5,zg,16155.90958388492
125.5,zd,9711.823179994904
125.5,zg,16524.06363139764
126.5,zd,9732.855587808424
126.5,zg,16692.67053701017
127.5,zd,9732.855587808424
127.5,zg,16819.212626995657
128.5,zd,9757.885891322036
128.5,zg,16730.9112784893
129.5,zd,9878.691870085657
129.5,zg,16654.082152426683
130.5,zd,9859.39767779391
130.5,zg,16566.128447024683
131.5,zd,9859.39767779391
131.5,zg,16502.85740203194
132.5,zd,9796.126632801166
132.5,zg,16502.85740203194
133.5,zd,9796.126632801166
133.5,zg,16439.586357039196
134.5,zd,9859.39767779391
134.5,zg,16439.586357039196
135.5,zd,9985.939767779397
135.5,zg,16439.586357039196
136.5,zd,10049.21081277214
136.5,zg,16270.631808322312
137.5,zd,9985.939767779397
137.5,zg,16123.23113207548
138.5,zd,9922.668722786651
138.5,zg,15998.079614507418
139.5,zd,9859.39767779391
139.5,zg,15870.146952104507
140.5,zd,9839.929663949992
140.5,zg,15870.146952104507
141.5,zd,9719.123685186376
141.5,zg,15933.417997097253
142.5,zd,9677.580334215862
142.5,zg,16004.684833490175
143.5,zd,9732.855587808424
143.5,zg,15994.429361911682
144.5,zd,9732.855587808424
144.5,zg,15933.417997097253
145.5,zd,9615.526040088367
145.5,zg,15680.33381712628
146.5,zd,9606.31349782294
146.5,zg,15791.927253624466
147.5,zd,9606.31349782294
147.5,zg,15892.048467678916
148.5,zd,9606.31349782294
148.5,zg,15996.689042089994
149.5,zd,9669.584542815684
149.5,zg,15775.761849271928
150.5,zd,9669.584542815684
150.5,zg,15743.604862119022
151.5,zd,9606.31349782294
151.5,zg,15806.875907111764
152.5,zd,9606.31349782294
152.5,zg,15870.146952104507
153.5,zd,9606.31349782294
153.5,zg,15798.706294159403
154.5,zd,9606.31349782294
154.5,zg,15551.358225410302
155.5,zd,9546.345062321576
155.5,zg,15304.0101566612
156.5,zd,9416.500362844708
156.5,zg,15246.475222890327
157.5,zd,9416.500362844708
157.5,zg,14872.585064155735
158.5,zd,9416.500362844708
158.5,zg,14729.529926713352
159.5,zd,9516.795398451331
159.5,zg,14578.478997870783
160.5,zd,9574.33033222221
160.5,zg,14919.690704795928
161.5,zd,9606.31349782294
161.5,zg,15148.613689014188
162.5,zd,9606.31349782294
162.5,zg,14984.352322206105
163.5,zd,9465.691862111044
163.5,zg,14921.08127721336
164.5,zd,9289.95827285922
164.5,zg,14937.76814622243
165.5,zd,9289.95827285922
165.5,zg,15110.89441219159
166.5,zd,9226.687227866478
166.5,zg,15050.75215513805
167.5,zd,9281.09337369815
167.5,zg,14993.217221367177
168.5,zd,9289.95827285922
168.5,zg,14667.997097242387
169.5,zd,9289.95827285922
169.5,zg,14518.858205473784
170.5,zd,9289.95827285922
170.5,zg,14641.923864415709
171.5,zd,9289.95827285922
171.5,zg,14920.733634109003
172.5,zd,9378.95490757429
172.5,zg,15211.710912454751
173.5,zd,9416.500362844708
173.5,zg,15114.197021682969
174.5,zd,9338.975950573382
174.5,zg,15047.623367198848
175.5,zd,9361.74657390868
175.5,zg,15119.411668248304
176.5,zd,9416.500362844708
176.5,zg,15300.70754716982
177.5,zd,9416.500362844708
177.5,zg,15237.436502177075
178.5,zd,9361.92039546086
178.5,zg,15174.165457184334
179.5,zd,9289.95827285922
179.5,zg,15047.623367198848
180.5,zd,9289.95827285922
180.5,zg,14961.407877318628
181.5,zd,9353.229317851965
181.5,zg,15084.995000917084
182.5,zd,9511.406930333822
182.5,zg,15332.34306966619
183.5,zd,9543.042452830196
183.5,zg,15516.420093422548
184.5,zd,9543.042452830196
184.5,zg,15786.712607059131
185.5,zd,9543.042452830196
185.5,zg,15714.750484457498
186.5,zd,9543.042452830196
186.5,zg,15608.371694524643
187.5,zd,9543.042452830196
187.5,zg,15361.02362577554
188.5,zd,9482.5525526723
188.5,zg,15110.89441219159
189.5,zd,9361.74657390868
189.5,zg,14992.869578262818
190.5,zd,9240.940595145064
190.5,zg,15096.641044913003
191.5,zd,9235.178410690363
191.5,zg,15067.612845699305
192.5,zd,9244.382261878189
192.5,zg,14921.08127721336
193.5,zd,9253.586113066003
193.5,zg,14794.539187227874
194.5,zd,9262.78996425382
194.5,zg,14794.539187227874
195.5,zd,9271.993815441638
195.5,zg,14921.08127721336
196.5,zd,9281.197666629458
196.5,zg,14984.352322206105
197.5,zd,9289.95827285922
197.5,zg,15119.759311352662
198.5,zd,9356.358105791163
198.5,zg,15300.70754716982
199.5,zd,9416.500362844708
199.5,zg,15490.52068214805
200.5,zd,9416.500362844708
200.5,zg,15435.593071659843
201.5,zd,9416.500362844708
201.5,zg,15363.978592162564
202.5,zd,9416.500362844708
202.5,zg,15660.518160178002
203.5,zd,9416.500362844708
203.5,zg,15680.33381712628
204.5,zd,9416.500362844708
204.5,zg,15870.146952104507
205.5,zd,9416.500362844708
205.5,zg,15870.146952104507
206.5,zd,9416.500362844708
206.5,zg,15786.36496395478
207.5,zd,9431.275194779828
207.5,zg,15743.604862119022
208.5,zd,9606.31349782294
208.5,zg,15707.44997926602
209.5,zd,9609.616107314312
209.5,zg,15996.689042089994
210.5,zd,9730.422086077935
210.5,zg,15996.689042089994
211.5,zd,9732.855587808424
211.5,zg,16313.044267053709
212.5,zd,9732.855587808424
212.5,zg,16313.044267053709
213.5,zd,9689.22637821178
213.5,zg,16162.51480286768
214.5,zd,9669.584542815684
214.5,zg,16085.33803370071
215.5,zd,9669.584542815684
215.5,zg,15870.146952104507
216.5,zd,9669.584542815684
216.5,zg,15933.417997097253
217.5,zd,9669.584542815684
217.5,zg,16101.32961650107
218.5,zd,9669.584542815684
218.5,zg,16249.773222060969
219.5,zd,9669.584542815684
219.5,zg,16313.044267053709
220.5,zd,9666.108111772122
220.5,zg,16309.567836010152
221.5,zd,9606.31349782294
221.5,zg,16123.23113207548
222.5,zd,9606.31349782294
222.5,zg,16067.955878482917
223.5,zd,9669.584542815684
223.5,zg,16313.044267053709
224.5,zd,9776.65861895724
224.5,zg,16717.00555431506
225.5,zd,9935.531517647814
225.5,zg,16983.82163690809
226.5,zd,10112.481857764884
226.5,zg,17167.89866066445
227.5,zd,10302.294992743113
227.5,zg,17288.70463942807
228.5,zd,10428.837082728598
228.5,zg,17388.652031930345
229.5,zd,10681.921262699572
229.5,zg,17593.58764194804
230.5,zd,10998.276487663286
230.5,zg,17768.2783018868
231.5,zd,11068.848037847496
231.5,zg,17958.09143686503
232.5,zd,11312.54585400087
232.5,zg,18145.81871321713
233.5,zd,11377.902757619744
233.5,zg,18092.455496698523
234.5,zd,11314.631712627004
234.5,zg,17958.09143686503
235.5,zd,11270.654859926002
235.5,zg,17699.618788776545
236.5,zd,11188.089622641515
236.5,zg,17451.923076923085
237.5,zd,11027.304686876983
237.5,zg,17578.465166908572
238.5,zd,10808.463352685056
238.5,zg,17551.69664787318
239.5,zd,10808.463352685056
239.5,zg,17409.858261296053
240.5,zd,10808.463352685056
240.5,zg,17135.56785195937
241.5,zd,10735.632122322537
241.5,zg,16926.634346241583
242.5,zd,10555.379172714083
242.5,zg,16629.399492017423
243.5,zd,10492.108127721342
243.5,zg,16629.399492017423
244.5,zd,10373.214186031684
244.5,zg,16685.022388714337
245.5,zd,10365.566037735854
245.5,zg,16755.94158200291
246.5,zd,10409.716711989033
246.5,zg,17034.056065487493
247.5,zd,10657.064780738132
247.5,zg,17275.668023014718
248.5,zd,10904.412849487238
248.5,zg,17390.737890556476
249.5,zd,10998.276487663286
249.5,zg,17388.652031930345
250.5,zd,10913.799213304845
250.5,zg,17325.3809869376
251.5,zd,10620.040790124258
251.5,zg,17041.35657067897
252.5,zd,10365.566037735854
252.5,zg,16755.94158200291
253.5,zd,10239.023947750373
253.5,zg,16692.67053701017
254.5,zd,10175.752902757627
254.5,zg,16504.59561755372
255.5,zd,10175.752902757627
255.5,zg,16249.773222060969
256.5,zd,10175.752902757627
256.5,zg,16136.441570041
257.5,zd,10175.752902757627
257.5,zg,16300.529115296884
258.5,zd,10175.752902757627
258.5,zg,16604.716831608166
259.5,zd,10175.752902757627
259.5,zg,16755.94158200291
260.5,zd,10175.752902757627
260.5,zg,16755.94158200291
261.5,zd,10175.752902757627
261.5,zg,16734.561531085033
262.5,zd,10239.023947750373
262.5,zg,16566.128447024683
263.5,zd,10175.752902757627
263.5,zg,16576.03627549882
264.5,zd,10112.481857764884
264.5,zg,16760.11329925518
265.5,zd,10239.023947750373
265.5,zg,17005.896974034687
266.5,zd,10477.5071173384
266.5,zg,17072.296806966628
267.5,zd,10618.650217706829
267.5,zg,17185.802280538766
268.5,zd,10789.690625049849
268.5,zg,17091.069534601836
269.5,zd,10808.463352685056
269.5,zg,17009.025761973884
270.5,zd,10522.35307780029
270.5,zg,16879.70252715355
271.5,zd,10338.27605404393
271.5,zg,16602.109508325502
272.5,zd,10132.645157817526
272.5,zg,16205.274904703454
273.5,zd,9906.850961538468
273.5,zg,15711.96933962265
274.5,zd,9796.126632801166
274.5,zg,15457.494587234243
275.5,zd,9669.584542815684
275.5,zg,15621.408310937975
276.5,zd,9732.855587808424
276.5,zg,15868.756379687084
277.5,zd,9732.855587808424
277.5,zg,16059.960087082736
278.5,zd,9783.263837940003
278.5,zg,16186.502177068223
279.5,zd,9904.06981670362
279.5,zg,16465.65958986587
280.5,zd,9961.60475047449
280.5,zg,16858.148654683493
281.5,zd,10082.410729238112
281.5,zg,16945.75471698114
282.5,zd,10112.481857764884
282.5,zg,17072.296806966628
283.5,zd,10134.209551787117
283.5,zg,17115.752195011097
284.5,zd,10334.278158343834
284.5,zg,17214.830479752476
285.5,zd,10428.837082728598
285.5,zg,17388.652031930345
286.5,zd,10428.837082728598
286.5,zg,17451.923076923085
287.5,zd,10303.51174360836
287.5,zg,17451.923076923085
288.5,zd,10302.294992743113
288.5,zg,17508.241259828716
289.5,zd,10239.023947750373
289.5,zg,17578.465166908572
290.5,zd,10175.752902757627
290.5,zg,17641.736211901316
291.5,zd,10175.752902757627
291.5,zg,17500.245468428533
292.5,zd,10112.481857764884
292.5,zg,17321.90455589405
293.5,zd,10112.481857764884
293.5,zg,17072.296806966628
294.5,zd,10112.481857764884
294.5,zg,17072.296806966628
295.5,zd,10002.105172131936
295.5,zg,17198.83889695211
296.5,zd,10112.481857764884
296.5,zg,17356.668866329615
297.5,zd,10175.752902757627
297.5,zg,17641.736211901316
298.5,zd,10175.752902757627
298.5,zg,17767.235372573734
299.5,zd,10049.21081277214
299.5,zg,18007.804400787896
300.5,zd,9922.668722786651
300.5,zg,18033.877633614586
301.5,zd,9922.668722786651
301.5,zg,17868.0518728369
302.5,zd,9985.939767779397
302.5,zg,17641.736211901316
303.5,zd,10146.029417335212
303.5,zg,17544.91760733824
304.5,zd,10140.29330611334
304.5,zg,17543.005570264286
305.5,zd,10261.099284876953
305.5,zg,17727.08259402064
306.5,zd,10365.566037735854
306.5,zg,18037.70170776249
307.5,zd,10629.253332389677
307.5,zg,18221.77873151885
308.5,zd,10686.78826616055
308.5,zg,18532.3978452607
309.5,zd,10870.86528991691
309.5,zg,18843.016959002543
310.5,zd,11061.54753265603
310.5,zg,19210.30189875437
311.5,zd,11112.477247444143
311.5,zg,19223.51233671989
312.5,zd,11124.818577648772
312.5,zg,19268.70594028613
313.5,zd,11124.818577648772
313.5,zg,18994.24170939729
314.5,zd,11124.818577648772
314.5,zg,18843.88606676344
315.5,zd,11061.54753265603
315.5,zg,18843.88606676344
316.5,zd,11124.818577648772
316.5,zg,18932.882701478506
317.5,zd,11124.818577648772
317.5,zg,19160.24129172715
318.5,zd,11188.089622641515
318.5,zg,19149.464355492128
319.5,zd,11188.089622641515
319.5,zg,19107.05189676072
320.5,zd,11187.3943364328
320.5,zg,19475.90123048215
321.5,zd,11124.818577648772
321.5,zg,19659.978254238515
322.5,zd,11175.92211398906
322.5,zg,20299.120101596527
323.5,zd,11423.270182738164
323.5,zg,20977.197976642376
324.5,zd,11733.889296480014
324.5,zg,21121.64368650219
325.5,zd,11723.633824901524
325.5,zg,20572.54140317233
326.5,zd,11511.397709692345
326.5,zg,20144.418920158227
327.5,zd,11441.173802612488
327.5,zg,20303.11799729661
328.5,zd,11457.860671621558
328.5,zg,20885.24637554029
329.5,zd,11589.617408172384
329.5,zg,21366.21061041644
330.5,zd,11767.958320706868
330.5,zg,22081.138654524
331.5,zd,12198.861948555808
331.5,zg,22386.54312170052
332.5,zd,12440.995370739569
332.5,zg,22747.91812867829
333.5,zd,12631.329970374329
333.5,zg,22956.50399129174
334.5,zd,12643.323657474608
334.5,zg,23128.587327947826
335.5,zd,12722.933928372062
335.5,zg,23272.85921625545
336.5,zd,12993.747906665189
336.5,zg,23375.06628893604
337.5,zd,13114.5538854288
337.5,zg,23462.672351233683
338.5,zd,13126.895215633434
338.5,zg,23503.34659444331
339.5,zd,13006.089236869817
339.5,zg,23209.58817126271
340.5,zd,13034.074506770448
340.5,zg,23112.943388251828
341.5,zd,13086.22097242381
341.5,zg,22956.50399129174
342.5,zd,13086.22097242381
342.5,zg,22956.50399129174
343.5,zd,13086.22097242381
343.5,zg,22607.29649296643
344.5,zd,12844.956658000934
344.5,zg,22387.06458635705
345.5,zd,12678.435611014544
345.5,zg,22140.933268473207
346.5,zd,12350.260520502725
346.5,zg,21461.29099945773
347.5,zd,12039.641406760882
347.5,zg,20921.401258393293
348.5,zd,11763.786603454617
348.5,zg,20552.2042815675
349.5,zd,11567.715892597977
349.5,zg,20539.515308258517
350.5,zd,11635.853941051686
350.5,zg,21391.762378586587
351.5,zd,12055.806811113398
351.5,zg,21799.54773999584
352.5,zd,12338.093011850258
352.5,zg,22777.81543565288
353.5,zd,12769.518104355742
353.5,zg,23399.227484688767
354.5,zd,12959.678882438322
354.5,zg,23640.665620663814
355.5,zd,12959.678882438322
355.5,zg,23525.943396226427
356.5,zd,12959.678882438322
356.5,zg,23290.241371473247
357.5,zd,12666.441923914274
357.5,zg,23146.31712626997
358.5,zd,12511.219277819426
358.5,zg,22990.92065862296
359.5,zd,12424.829966387031
359.5,zg,23083.046081277225
360.5,zd,12413.183922391112
360.5,zg,23146.31712626997
361.5,zd,12516.78156748912
361.5,zg,22858.816278967788
362.5,zd,12453.510522496375
362.5,zg,22565.40549889155
363.5,zd,12453.510522496375
363.5,zg,22312.321318920563
364.5,zd,12453.510522496375
364.5,zg,22133.98040638608
